{"(0.3333333333333333, 1.0, 0.0, 0.0, -1.0)": 1.0000000413701846e-05, "(0.3333333333333333, 1.0, 0.0, 0.0, -0.6666666666666666)": 0.3414132119090601, "(0.3333333333333333, 1.0, 0.0, 0.0, -0.3333333333333333)": 0.3405359348681463, "(0.3333333333333333, 1.0, 0.0, 0.0, 0.0)": 1.0000000413701846e-05, "(0.3333333333333333, 1.0, 0.0, 0.0, 0.3333333333333333)": 1.0000005964815199e-05, "(0.3333333333333333, 1.0, 0.0, 0.0, 0.6666666666666666)": 0.3505361429162746, "(0.3333333333333333, 1.0, 0.0, 0.0, 1.0)": 0.38055638295979766, "(0.3333333333333333, 0.0, 1.0, 0.0, -1.0)": 1.0000000413701846e-05, "(0.3333333333333333, 0.0, 1.0, 0.0, -0.6666666666666666)": 9.999994862585412e-06, "(0.3333333333333333, 0.0, 1.0, 0.0, -0.3333333333333333)": 0.3415835891265961, "(0.3333333333333333, 0.0, 1.0, 0.0, 0.0)": 0.34136103307854815, "(0.3333333333333333, 0.0, 1.0, 0.0, 0.3333333333333333)": 9.999989311465896e-06, "(0.3333333333333333, 0.0, 1.0, 0.0, 0.6666666666666666)": 1.0000005964815199e-05, "(0.3333333333333333, 0.0, 1.0, 0.0, 1.0)": 0.35549844534429714, "(0.3333333333333333, 0.0, 0.0, 1.0, -1.0)": 1.0000000413701846e-05, "(0.3333333333333333, 0.0, 0.0, 1.0, -0.6666666666666666)": 1.0000005964815199e-05, "(0.3333333333333333, 0.0, 0.0, 1.0, -0.3333333333333333)": 9.999994862585412e-06, "(0.3333333333333333, 0.0, 0.0, 1.0, 0.0)": 0.3240587061876959, "(0.3333333333333333, 0.0, 0.0, 1.0, 0.3333333333333333)": 1.0000005964815199e-05, "(0.3333333333333333, 0.0, 0.0, 1.0, 0.6666666666666666)": 9.999989311465896e-06, "(0.3333333333333333, 0.0, 0.0, 1.0, 1.0)": 1.0000000413701846e-05, "(0.6666666666666666, 1.0, 0.0, 0.0, -1.0)": 9.999994862585412e-06, "(0.6666666666666666, 1.0, 0.0, 0.0, -0.6666666666666666)": 9.999983760343299e-06, "(0.6666666666666666, 1.0, 0.0, 0.0, -0.3333333333333333)": 0.32283020529747103, "(0.6666666666666666, 1.0, 0.0, 0.0, 0.0)": 1.000001151592547e-05, "(0.6666666666666666, 1.0, 0.0, 0.0, 0.3333333333333333)": 9.999994862585412e-06, "(0.6666666666666666, 1.0, 0.0, 0.0, 0.6666666666666666)": 1.0000005964815199e-05, "(0.6666666666666666, 1.0, 0.0, 0.0, 1.0)": 0.34879199831098817, "(0.6666666666666666, 0.0, 1.0, 0.0, -1.0)": 1.0000005964815199e-05, "(0.6666666666666666, 0.0, 1.0, 0.0, -0.6666666666666666)": 0.3410196639693573, "(0.6666666666666666, 0.0, 1.0, 0.0, -0.3333333333333333)": 0.35628344772031434, "(0.6666666666666666, 0.0, 1.0, 0.0, 0.0)": 0.3417559963314007, "(0.6666666666666666, 0.0, 1.0, 0.0, 0.3333333333333333)": 1.0000000413701846e-05, "(0.6666666666666666, 0.0, 1.0, 0.0, 0.6666666666666666)": 0.3436821231855264, "(0.6666666666666666, 0.0, 1.0, 0.0, 1.0)": 0.36906858335019327, "(0.6666666666666666, 0.0, 0.0, 1.0, -1.0)": 9.999989311465896e-06, "(0.6666666666666666, 0.0, 0.0, 1.0, -0.6666666666666666)": 0.32490375287381495, "(0.6666666666666666, 0.0, 0.0, 1.0, -0.3333333333333333)": 1.0000005964815199e-05, "(0.6666666666666666, 0.0, 0.0, 1.0, 0.0)": 0.3231234361707016, "(0.6666666666666666, 0.0, 0.0, 1.0, 0.3333333333333333)": 1.0000000413701846e-05, "(0.6666666666666666, 0.0, 0.0, 1.0, 0.6666666666666666)": 9.999989311465896e-06, "(0.6666666666666666, 0.0, 0.0, 1.0, 1.0)": 1.0000005964815199e-05, "(1.0, 1.0, 0.0, 0.0, -1.0)": 9.999994862585412e-06, "(1.0, 1.0, 0.0, 0.0, -0.6666666666666666)": 0.34146270560877057, "(1.0, 1.0, 0.0, 0.0, -0.3333333333333333)": 0.34041121061834734, "(1.0, 1.0, 0.0, 0.0, 0.0)": 1.0000005964815199e-05, "(1.0, 1.0, 0.0, 0.0, 0.3333333333333333)": 9.999994862585412e-06, "(1.0, 1.0, 0.0, 0.0, 0.6666666666666666)": 1.000001706703266e-05, "(1.0, 1.0, 0.0, 0.0, 1.0)": 1.0000000413701846e-05, "(1.0, 0.0, 1.0, 0.0, -1.0)": 1.000001706703266e-05, "(1.0, 0.0, 1.0, 0.0, -0.6666666666666666)": 1.000001706703266e-05, "(1.0, 0.0, 1.0, 0.0, -0.3333333333333333)": 0.3415523107020681, "(1.0, 0.0, 1.0, 0.0, 0.0)": 0.3411592574596583, "(1.0, 0.0, 1.0, 0.0, 0.3333333333333333)": 1.0000022618136768e-05, "(1.0, 0.0, 1.0, 0.0, 0.6666666666666666)": 1.0000000413701846e-05, "(1.0, 0.0, 1.0, 0.0, 1.0)": 1.0000000413701846e-05, "(1.0, 0.0, 0.0, 1.0, -1.0)": 0.38932317584912307, "(1.0, 0.0, 0.0, 1.0, -0.6666666666666666)": 0.38232403369896756, "(1.0, 0.0, 0.0, 1.0, -0.3333333333333333)": 0.3727332239119874, "(1.0, 0.0, 0.0, 1.0, 0.0)": 0.3480242094478328, "(1.0, 0.0, 0.0, 1.0, 0.3333333333333333)": 9.999989311465896e-06, "(1.0, 0.0, 0.0, 1.0, 0.6666666666666666)": 1.0000005964815199e-05, "(1.0, 0.0, 0.0, 1.0, 1.0)": 0.35126492456535646}