{"(0.3333333333333333, 1.0, 0.0, 0.0, -1.0, -1.0)": -0.5942254579303414, "(0.3333333333333333, 1.0, 0.0, 0.0, -0.6666666666666666, -1.0)": -0.5805758396336635, "(0.3333333333333333, 1.0, 0.0, 0.0, -0.3333333333333333, -1.0)": -0.5601145991886058, "(0.3333333333333333, 1.0, 0.0, 0.0, 0.0, -1.0)": -0.52572365284494, "(0.3333333333333333, 1.0, 0.0, 0.0, 0.3333333333333333, -1.0)": -0.2156000003123868, "(0.3333333333333333, 1.0, 0.0, 0.0, 0.6666666666666666, -1.0)": -0.5144572239366756, "(0.3333333333333333, 1.0, 0.0, 0.0, 1.0, -1.0)": -0.5381944129668925, "(0.3333333333333333, 0.0, 1.0, 0.0, -1.0, -1.0)": -0.6538340706060097, "(0.3333333333333333, 0.0, 1.0, 0.0, -0.6666666666666666, -1.0)": -0.6560519269481597, "(0.3333333333333333, 0.0, 1.0, 0.0, -0.3333333333333333, -1.0)": -0.6573284312060874, "(0.3333333333333333, 0.0, 1.0, 0.0, 0.0, -1.0)": -0.6574511190279564, "(0.3333333333333333, 0.0, 1.0, 0.0, 0.3333333333333333, -1.0)": -0.6560735499848729, "(0.3333333333333333, 0.0, 1.0, 0.0, 0.6666666666666666, -1.0)": -0.6528817530882085, "(0.3333333333333333, 0.0, 1.0, 0.0, 1.0, -1.0)": -0.6478495849088866, "(0.3333333333333333, 0.0, 0.0, 1.0, -1.0, -1.0)": -0.5839614220006899, "(0.3333333333333333, 0.0, 0.0, 1.0, -0.6666666666666666, -1.0)": -0.580284434584712, "(0.3333333333333333, 0.0, 0.0, 1.0, -0.3333333333333333, -1.0)": -0.5762267749496299, "(0.3333333333333333, 0.0, 0.0, 1.0, 0.0, -1.0)": -0.5729391018535077, "(0.3333333333333333, 0.0, 0.0, 1.0, 0.3333333333333333, -1.0)": -0.5703777728680732, "(0.3333333333333333, 0.0, 0.0, 1.0, 0.6666666666666666, -1.0)": -0.5676886086797523, "(0.3333333333333333, 0.0, 0.0, 1.0, 1.0, -1.0)": -0.5644557428074508, "(0.6666666666666666, 1.0, 0.0, 0.0, -1.0, -1.0)": -0.624269533999156, "(0.6666666666666666, 1.0, 0.0, 0.0, -0.6666666666666666, -1.0)": -0.6221636701636752, "(0.6666666666666666, 1.0, 0.0, 0.0, -0.3333333333333333, -1.0)": -0.6193858233206218, "(0.6666666666666666, 1.0, 0.0, 0.0, 0.0, -1.0)": -0.6142119185132415, "(0.6666666666666666, 1.0, 0.0, 0.0, 0.3333333333333333, -1.0)": -0.6077915123128523, "(0.6666666666666666, 1.0, 0.0, 0.0, 0.6666666666666666, -1.0)": -0.6028612944224614, "(0.6666666666666666, 1.0, 0.0, 0.0, 1.0, -1.0)": -0.5983127613192512, "(0.6666666666666666, 0.0, 1.0, 0.0, -1.0, -1.0)": -0.6755795782949248, "(0.6666666666666666, 0.0, 1.0, 0.0, -0.6666666666666666, -1.0)": -0.6789262853929294, "(0.6666666666666666, 0.0, 1.0, 0.0, -0.3333333333333333, -1.0)": -0.6808099421471079, "(0.6666666666666666, 0.0, 1.0, 0.0, 0.0, -1.0)": -0.6810725213302176, "(0.6666666666666666, 0.0, 1.0, 0.0, 0.3333333333333333, -1.0)": -0.6788469949095415, "(0.6666666666666666, 0.0, 1.0, 0.0, 0.6666666666666666, -1.0)": -0.6734401976734192, "(0.6666666666666666, 0.0, 1.0, 0.0, 1.0, -1.0)": -0.6654528478987629, "(0.6666666666666666, 0.0, 0.0, 1.0, -1.0, -1.0)": -0.8316999998025381, "(0.6666666666666666, 0.0, 0.0, 1.0, -0.6666666666666666, -1.0)": -0.6394747648978463, "(0.6666666666666666, 0.0, 0.0, 1.0, -0.3333333333333333, -1.0)": -0.6232080358553311, "(0.6666666666666666, 0.0, 0.0, 1.0, 0.0, -1.0)": -0.6175003191232911, "(0.6666666666666666, 0.0, 0.0, 1.0, 0.3333333333333333, -1.0)": -0.6193642552547596, "(0.6666666666666666, 0.0, 0.0, 1.0, 0.6666666666666666, -1.0)": -0.7343999998720214, "(0.6666666666666666, 0.0, 0.0, 1.0, 1.0, -1.0)": -0.6016659944997942, "(1.0, 1.0, 0.0, 0.0, -1.0, -1.0)": -0.41960000021954524, "(1.0, 1.0, 0.0, 0.0, -0.6666666666666666, -1.0)": -0.6459334315294827, "(1.0, 1.0, 0.0, 0.0, -0.3333333333333333, -1.0)": -0.6916816521683407, "(1.0, 1.0, 0.0, 0.0, 0.0, -1.0)": -0.9999999996962972, "(1.0, 1.0, 0.0, 0.0, 0.3333333333333333, -1.0)": -0.7239995654303755, "(1.0, 1.0, 0.0, 0.0, 0.6666666666666666, -1.0)": -0.8732999998307491, "(1.0, 1.0, 0.0, 0.0, 1.0, -1.0)": -0.8710599998143058, "(1.0, 0.0, 1.0, 0.0, -1.0, -1.0)": -0.7377999999509948, "(1.0, 0.0, 1.0, 0.0, -0.6666666666666666, -1.0)": -0.6950833058423713, "(1.0, 0.0, 1.0, 0.0, -0.3333333333333333, -1.0)": -0.6958206625577912, "(1.0, 0.0, 1.0, 0.0, 0.0, -1.0)": -0.7005584102081936, "(1.0, 0.0, 1.0, 0.0, 0.3333333333333333, -1.0)": -0.7779999999163829, "(1.0, 0.0, 1.0, 0.0, 0.6666666666666666, -1.0)": -0.6909421945593444, "(1.0, 0.0, 1.0, 0.0, 1.0, -1.0)": -0.6761965640489498, "(1.0, 0.0, 0.0, 1.0, -1.0, -1.0)": -0.644226448818678, "(1.0, 0.0, 0.0, 1.0, -0.6666666666666666, -1.0)": -0.6455511705663497, "(1.0, 0.0, 0.0, 1.0, -0.3333333333333333, -1.0)": -0.6476918810697514, "(1.0, 0.0, 0.0, 1.0, 0.0, -1.0)": -0.657668278471534, "(1.0, 0.0, 0.0, 1.0, 0.3333333333333333, -1.0)": -0.8544999997871203, "(1.0, 0.0, 0.0, 1.0, 0.6666666666666666, -1.0)": -0.6102000000302148, "(1.0, 0.0, 0.0, 1.0, 1.0, -1.0)": -0.6130820607775389, "(0.3333333333333333, 1.0, 0.0, 0.0, -1.0, 1.0)": -0.6467999999495291, "(0.3333333333333333, 1.0, 0.0, 0.0, -0.6666666666666666, 1.0)": -0.5694846293384357, "(0.3333333333333333, 1.0, 0.0, 0.0, -0.3333333333333333, 1.0)": -0.5180143425215107, "(0.3333333333333333, 1.0, 0.0, 0.0, 0.0, 1.0)": -0.17503333368073282, "(0.3333333333333333, 1.0, 0.0, 0.0, 0.3333333333333333, 1.0)": -0.7981928568242544, "(0.3333333333333333, 1.0, 0.0, 0.0, 0.6666666666666666, 1.0)": -0.5030881376894234, "(0.3333333333333333, 1.0, 0.0, 0.0, 1.0, 1.0)": -0.48499478122910844, "(0.3333333333333333, 0.0, 1.0, 0.0, -1.0, 1.0)": -0.7952999998706174, "(0.3333333333333333, 0.0, 1.0, 0.0, -0.6666666666666666, 1.0)": -0.6783102076510188, "(0.3333333333333333, 0.0, 1.0, 0.0, -0.3333333333333333, 1.0)": -0.6819937684866462, "(0.3333333333333333, 0.0, 1.0, 0.0, 0.0, 1.0)": -0.7059079873563023, "(0.3333333333333333, 0.0, 1.0, 0.0, 0.3333333333333333, 1.0)": -0.9999999996991669, "(0.3333333333333333, 0.0, 1.0, 0.0, 0.6666666666666666, 1.0)": -0.6476500000846555, "(0.3333333333333333, 0.0, 1.0, 0.0, 1.0, 1.0)": -0.9999999996893543, "(0.3333333333333333, 0.0, 0.0, 1.0, -1.0, 1.0)": 0.29989999927021227, "(0.3333333333333333, 0.0, 0.0, 1.0, -0.6666666666666666, 1.0)": -0.39923538086512433, "(0.3333333333333333, 0.0, 0.0, 1.0, -0.3333333333333333, 1.0)": -0.45188674615413316, "(0.3333333333333333, 0.0, 0.0, 1.0, 0.0, 1.0)": -0.47782387590836173, "(0.3333333333333333, 0.0, 0.0, 1.0, 0.3333333333333333, 1.0)": -0.678999999778954, "(0.3333333333333333, 0.0, 0.0, 1.0, 0.6666666666666666, 1.0)": -0.28080000018345164, "(0.3333333333333333, 0.0, 0.0, 1.0, 1.0, 1.0)": -0.3169000001350124, "(0.6666666666666666, 1.0, 0.0, 0.0, -1.0, 1.0)": -0.9258999997565969, "(0.6666666666666666, 1.0, 0.0, 0.0, -0.6666666666666666, 1.0)": -0.9416999996997664, "(0.6666666666666666, 1.0, 0.0, 0.0, -0.3333333333333333, 1.0)": -0.5617620041132705, "(0.6666666666666666, 1.0, 0.0, 0.0, 0.0, 1.0)": -0.054650000453059455, "(0.6666666666666666, 1.0, 0.0, 0.0, 0.3333333333333333, 1.0)": -0.4415256489281294, "(0.6666666666666666, 1.0, 0.0, 0.0, 0.6666666666666666, 1.0)": -0.4313999999746496, "(0.6666666666666666, 1.0, 0.0, 0.0, 1.0, 1.0)": 0.21849999934982378, "(0.6666666666666666, 0.0, 1.0, 0.0, -1.0, 1.0)": -0.6690865092594729, "(0.6666666666666666, 0.0, 1.0, 0.0, -0.6666666666666666, 1.0)": -0.6729778518469267, "(0.6666666666666666, 0.0, 1.0, 0.0, -0.3333333333333333, 1.0)": -0.6765855128842739, "(0.6666666666666666, 0.0, 1.0, 0.0, 0.0, 1.0)": -0.6802861101365192, "(0.6666666666666666, 0.0, 1.0, 0.0, 0.3333333333333333, 1.0)": -0.6566600000327689, "(0.6666666666666666, 0.0, 1.0, 0.0, 0.6666666666666666, 1.0)": -0.7746999999062378, "(0.6666666666666666, 0.0, 1.0, 0.0, 1.0, 1.0)": -0.6762294493978436, "(0.6666666666666666, 0.0, 0.0, 1.0, -1.0, 1.0)": -0.7189499998117848, "(0.6666666666666666, 0.0, 0.0, 1.0, -0.6666666666666666, 1.0)": -0.5237984608105011, "(0.6666666666666666, 0.0, 0.0, 1.0, -0.3333333333333333, 1.0)": -0.4811000000146093, "(0.6666666666666666, 0.0, 0.0, 1.0, 0.0, 1.0)": -0.4597489623677369, "(0.6666666666666666, 0.0, 0.0, 1.0, 0.3333333333333333, 1.0)": -0.19440000025652537, "(0.6666666666666666, 0.0, 0.0, 1.0, 0.6666666666666666, 1.0)": -0.4278323185081314,