{"(0.3333333333333333, 1.0, 0.0, 0.0, -1.0, -1.0)": 0.4339818896384304, "(0.3333333333333333, 1.0, 0.0, 0.0, -0.6666666666666666, -1.0)": 0.43249162634851634, "(0.3333333333333333, 1.0, 0.0, 0.0, -0.3333333333333333, -1.0)": 0.43110554171427684, "(0.3333333333333333, 1.0, 0.0, 0.0, 0.0, -1.0)": 0.42883414808545095, "(0.3333333333333333, 1.0, 0.0, 0.0, 0.3333333333333333, -1.0)": 1.0000000413701846e-05, "(0.3333333333333333, 1.0, 0.0, 0.0, 0.6666666666666666, -1.0)": 0.4294220510959381, "(0.3333333333333333, 1.0, 0.0, 0.0, 1.0, -1.0)": 0.4325897336118817, "(0.3333333333333333, 0.0, 1.0, 0.0, -1.0, -1.0)": 0.43403940588731765, "(0.3333333333333333, 0.0, 1.0, 0.0, -0.6666666666666666, -1.0)": 0.43317901621712485, "(0.3333333333333333, 0.0, 1.0, 0.0, -0.3333333333333333, -1.0)": 0.4327356351095124, "(0.3333333333333333, 0.0, 1.0, 0.0, 0.0, -1.0)": 0.4325786163954838, "(0.3333333333333333, 0.0, 1.0, 0.0, 0.3333333333333333, -1.0)": 0.4328185654658163, "(0.3333333333333333, 0.0, 1.0, 0.0, 0.6666666666666666, -1.0)": 0.4336140116775065, "(0.3333333333333333, 0.0, 1.0, 0.0, 1.0, -1.0)": 0.4348850039618528, "(0.3333333333333333, 0.0, 0.0, 1.0, -1.0, -1.0)": 0.43461560510103664, "(0.3333333333333333, 0.0, 0.0, 1.0, -0.6666666666666666, -1.0)": 0.4337995760314817, "(0.3333333333333333, 0.0, 0.0, 1.0, -0.3333333333333333, -1.0)": 0.4334616584523543, "(0.3333333333333333, 0.0, 0.0, 1.0, 0.0, -1.0)": 0.4334432405222709, "(0.3333333333333333, 0.0, 0.0, 1.0, 0.3333333333333333, -1.0)": 0.4337131521648053, "(0.3333333333333333, 0.0, 0.0, 1.0, 0.6666666666666666, -1.0)": 0.4343155653948988, "(0.3333333333333333, 0.0, 0.0, 1.0, 1.0, -1.0)": 0.43528821483802055, "(0.6666666666666666, 1.0, 0.0, 0.0, -1.0, -1.0)": 0.42885683130177776, "(0.6666666666666666, 1.0, 0.0, 0.0, -0.6666666666666666, -1.0)": 9.999989311465896e-06, "(0.6666666666666666, 1.0, 0.0, 0.0, -0.3333333333333333, -1.0)": 0.4263765577094637, "(0.6666666666666666, 1.0, 0.0, 0.0, 0.0, -1.0)": 0.4268415901013257, "(0.6666666666666666, 1.0, 0.0, 0.0, 0.3333333333333333, -1.0)": 0.42534978487456654, "(0.6666666666666666, 1.0, 0.0, 0.0, 0.6666666666666666, -1.0)": 1.0000000413701846e-05, "(0.6666666666666666, 1.0, 0.0, 0.0, 1.0, -1.0)": 0.4273966412181677, "(0.6666666666666666, 0.0, 1.0, 0.0, -1.0, -1.0)": 1.000001151592547e-05, "(0.6666666666666666, 0.0, 1.0, 0.0, -0.6666666666666666, -1.0)": 0.42716734092088937, "(0.6666666666666666, 0.0, 1.0, 0.0, -0.3333333333333333, -1.0)": 0.42806259112406847, "(0.6666666666666666, 0.0, 1.0, 0.0, 0.0, -1.0)": 0.42678162788219975, "(0.6666666666666666, 0.0, 1.0, 0.0, 0.3333333333333333, -1.0)": 9.999989311465896e-06, "(0.6666666666666666, 0.0, 1.0, 0.0, 0.6666666666666666, -1.0)": 0.4276729331653223, "(0.6666666666666666, 0.0, 1.0, 0.0, 1.0, -1.0)": 0.43068802538364753, "(0.6666666666666666, 0.0, 0.0, 1.0, -1.0, -1.0)": 1.000001706703266e-05, "(0.6666666666666666, 0.0, 0.0, 1.0, -0.6666666666666666, -1.0)": 0.4295911562781424, "(0.6666666666666666, 0.0, 0.0, 1.0, -0.3333333333333333, -1.0)": 0.43091818170888285, "(0.6666666666666666, 0.0, 0.0, 1.0, 0.0, -1.0)": 0.4311578721309151, "(0.6666666666666666, 0.0, 0.0, 1.0, 0.3333333333333333, -1.0)": 0.43130139215298674, "(0.6666666666666666, 0.0, 0.0, 1.0, 0.6666666666666666, -1.0)": 0.4318011956621668, "(0.6666666666666666, 0.0, 0.0, 1.0, 1.0, -1.0)": 0.43290776057303376, "(1.0, 1.0, 0.0, 0.0, -1.0, -1.0)": 9.999989311465896e-06, "(1.0, 1.0, 0.0, 0.0, -0.6666666666666666, -1.0)": 0.42807340107645464, "(1.0, 1.0, 0.0, 0.0, -0.3333333333333333, -1.0)": 0.42835225421502676, "(1.0, 1.0, 0.0, 0.0, 0.0, -1.0)": 0.42610190945015897, "(1.0, 1.0, 0.0, 0.0, 0.3333333333333333, -1.0)": 9.999989311465896e-06, "(1.0, 1.0, 0.0, 0.0, 0.6666666666666666, -1.0)": 9.999989311465896e-06, "(1.0, 1.0, 0.0, 0.0, 1.0, -1.0)": 9.999994862585412e-06, "(1.0, 0.0, 1.0, 0.0, -1.0, -1.0)": 1.0000000413701846e-05, "(1.0, 0.0, 1.0, 0.0, -0.6666666666666666, -1.0)": 1.0000022618136768e-05, "(1.0, 0.0, 1.0, 0.0, -0.3333333333333333, -1.0)": 0.4266895592093288, "(1.0, 0.0, 1.0, 0.0, 0.0, -1.0)": 0.4279841761769824, "(1.0, 0.0, 1.0, 0.0, 0.3333333333333333, -1.0)": 0.4265523083381363, "(1.0, 0.0, 1.0, 0.0, 0.6666666666666666, -1.0)": 1.000001151592547e-05, "(1.0, 0.0, 1.0, 0.0, 1.0, -1.0)": 9.999989311465896e-06, "(1.0, 0.0, 0.0, 1.0, -1.0, -1.0)": 0.4346749991279503, "(1.0, 0.0, 0.0, 1.0, -0.6666666666666666, -1.0)": 0.4336096507190004, "(1.0, 0.0, 0.0, 1.0, -0.3333333333333333, -1.0)": 0.4327606646214481, "(1.0, 0.0, 0.0, 1.0, 0.0, -1.0)": 0.43175076302311244, "(1.0, 0.0, 0.0, 1.0, 0.3333333333333333, -1.0)": 0.4296973695799648, "(1.0, 0.0, 0.0, 1.0, 0.6666666666666666, -1.0)": 1.0000000413701846e-05, "(1.0, 0.0, 0.0, 1.0, 1.0, -1.0)": 0.43093649356478164, "(0.3333333333333333, 1.0, 0.0, 0.0, -1.0, 1.0)": 1.0000000413701846e-05, "(0.3333333333333333, 1.0, 0.0, 0.0, -0.6666666666666666, 1.0)": 0.4277390642401161, "(0.3333333333333333, 1.0, 0.0, 0.0, -0.3333333333333333, 1.0)": 0.42823995632810025, "(0.3333333333333333, 1.0, 0.0, 0.0, 0.0, 1.0)": 0.42658277951432866, "(0.3333333333333333, 1.0, 0.0, 0.0, 0.3333333333333333, 1.0)": 1.0000005964815199e-05, "(0.3333333333333333, 1.0, 0.0, 0.0, 0.6666666666666666, 1.0)": 0.42774360774855325, "(0.3333333333333333, 1.0, 0.0, 0.0, 1.0, 1.0)": 0.4310959795782674, "(0.3333333333333333, 0.0, 1.0, 0.0, -1.0, 1.0)": 1.0000000413701846e-05, "(0.3333333333333333, 0.0, 1.0, 0.0, -0.6666666666666666, 1.0)": 1.0000000413701846e-05, "(0.3333333333333333, 0.0, 1.0, 0.0, -0.3333333333333333, 1.0)": 0.4261018260349743, "(0.3333333333333333, 0.0, 1.0, 0.0, 0.0, 1.0)": 0.4258243006655197, "(0.3333333333333333, 0.0, 1.0, 0.0, 0.3333333333333333, 1.0)": 1.000001706703266e-05, "(0.3333333333333333, 0.0, 1.0, 0.0, 0.6666666666666666, 1.0)": 1.0000000413701846e-05, "(0.3333333333333333, 0.0, 1.0, 0.0, 1.0, 1.0)": 0.42911878598416553, "(0.3333333333333333, 0.0, 0.0, 1.0, -1.0, 1.0)": 1.0000000413701846e-05, "(0.3333333333333333, 0.0, 0.0, 1.0, -0.6666666666666666, 1.0)": 1.0000000413701846e-05, "(0.3333333333333333, 0.0, 0.0, 1.0, -0.3333333333333333, 1.0)": 9.999994862585412e-06, "(0.3333333333333333, 0.0, 0.0, 1.0, 0.0, 1.0)": 0.4223162718434238, "(0.3333333333333333, 0.0, 0.0, 1.0, 0.3333333333333333, 1.0)": 1.0000005964815199e-05, "(0.3333333333333333, 0.0, 0.0, 1.0, 0.6666666666666666, 1.0)": 9.999994862585412e-06, "(0.3333333333333333, 0.0, 0.0, 1.0, 1.0, 1.0)": 1.0000005964815199e-05, "(0.6666666666666666, 1.0, 0.0, 0.0, -1.0, 1.0)": 1.0000000413701846e-05, "(0.6666666666666666, 1.0, 0.0, 0.0, -0.6666666666666666, 1.0)": 0.4256563871952062, "(0.6666666666666666, 1.0, 0.0, 0.0, -0.3333333333333333, 1.0)": 0.42431482963108214, "(0.6666666666666666, 1.0, 0.0, 0.0, 0.0, 1.0)": 1.000001151592547e-05, "(0.6666666666666666, 1.0, 0.0, 0.0, 0.3333333333333333, 1.0)": 1.0000000413701846e-05, "(0.6666666666666666, 1.0, 0.0, 0.0, 0.6666666666666666, 1.0)": 1.000001151592547e-05, "(0.6666666666666666, 1.0, 0.0, 0.0, 1.0, 1.0)": 0.4258000771811647, "(0.6666666666666666, 0.0, 1.0, 0.0, -1.0, 1.0)": 0.42984193713115215, "(0.6666666666666666, 0.0, 1.0, 0.0, -0.6666666666666666, 1.0)": 0.42844875066534205, "(0.6666666666666666, 0.0, 1.0, 0.0, -0.3333333333333333, 1.0)": 0.4272765033557165, "(0.6666666666666666, 0.0, 1.0, 0.0, 0.0, 1.0)": 0.42519686527141853, "(0.6666666666666666, 0.0, 1.0, 0.0, 0.3333333333333333, 1.0)": 1.000001151592547e-05, "(0.6666666666666666, 0.0, 1.0, 0.0, 0.6666666666666666, 1.0)": 0.4258557742283085, "(0.6666666666666666, 0.0, 1.0, 0.0, 1.0, 1.0)": 0.42922829742361784, "(0.6666666666666666, 0.0, 0.0, 1.0, -1.0, 1.0)": 0.4296492538217796, "(0.6666666666666666, 0.0, 0.0, 1.0, -0.6666666666666666, 1.0)": 0.42608728949532093, "(0.6666666666666666, 0.0, 0.0, 1.0, -0.3333333333333333, 1.0)": 1.0000000413701846e-05, "(0.6666666666666666, 0.0, 0.0, 1.0, 0.0, 1.0)": 0.42171442026230527, "(0.6666666666666666, 0.0, 0.0, 1.0, 0.3333333333333333, 1.0)": 9.999994862585412e-06,