{"(0.3333333333333333, 1.0, 0.0, 0.0, -1.0)": 0.9999999998176796, "(0.3333333333333333, 1.0, 0.0, 0.0, -0.6666666666666666)": 0.8683364145202075, "(0.3333333333333333, 1.0, 0.0, 0.0, -0.3333333333333333)": 0.8814473644146059, "(0.3333333333333333, 1.0, 0.0, 0.0, 0.0)": 0.9999999998722391, "(0.3333333333333333, 1.0, 0.0, 0.0, 0.3333333333333333)": 0.86666666671563, "(0.3333333333333333, 1.0, 0.0, 0.0, 0.6666666666666666)": 0.8790641358862976, "(0.3333333333333333, 1.0, 0.0, 0.0, 1.0)": 0.863404744128508, "(0.3333333333333333, 0.0, 1.0, 0.0, -1.0)": 0.9999999997962112, "(0.3333333333333333, 0.0, 1.0, 0.0, -0.6666666666666666)": 0.9999999998419692, "(0.3333333333333333, 0.0, 1.0, 0.0, -0.3333333333333333)": 0.874287978698891, "(0.3333333333333333, 0.0, 1.0, 0.0, 0.0)": 0.8866395862273082, "(0.3333333333333333, 0.0, 1.0, 0.0, 0.3333333333333333)": 0.9999999998907666, "(0.3333333333333333, 0.0, 1.0, 0.0, 0.6666666666666666)": 0.9999999998848617, "(0.3333333333333333, 0.0, 1.0, 0.0, 1.0)": 0.8687800059639442, "(0.3333333333333333, 0.0, 0.0, 1.0, -1.0)": 0.9999999998279785, "(0.3333333333333333, 0.0, 0.0, 1.0, -0.6666666666666666)": 0.9999999999114815, "(0.3333333333333333, 0.0, 0.0, 1.0, -0.3333333333333333)": 0.999999999944031, "(0.3333333333333333, 0.0, 0.0, 1.0, 0.0)": 0.9723569044811027, "(0.3333333333333333, 0.0, 0.0, 1.0, 0.3333333333333333)": 0.9999999999744462, "(0.3333333333333333, 0.0, 0.0, 1.0, 0.6666666666666666)": 0.9999999999792132, "(0.3333333333333333, 0.0, 0.0, 1.0, 1.0)": 0.9999999999549078, "(0.6666666666666666, 1.0, 0.0, 0.0, -1.0)": 0.9999999994652624, "(0.6666666666666666, 1.0, 0.0, 0.0, -0.6666666666666666)": 7.002073920681084e-10, "(0.6666666666666666, 1.0, 0.0, 0.0, -0.3333333333333333)": 0.5809414266916473, "(0.6666666666666666, 1.0, 0.0, 0.0, 0.0)": 0.9999999997235658, "(0.6666666666666666, 1.0, 0.0, 0.0, 0.3333333333333333)": 0.9999999998458337, "(0.6666666666666666, 1.0, 0.0, 0.0, 0.6666666666666666)": 0.941176470489287, "(0.6666666666666666, 1.0, 0.0, 0.0, 1.0)": 0.8229035220400541, "(0.6666666666666666, 0.0, 1.0, 0.0, -1.0)": 4.981653978219924e-10, "(0.6666666666666666, 0.0, 1.0, 0.0, -0.6666666666666666)": 0.438102158948642, "(0.6666666666666666, 0.0, 1.0, 0.0, -0.3333333333333333)": 0.5752346342957, "(0.6666666666666666, 0.0, 1.0, 0.0, 0.0)": 0.6509879024492395, "(0.6666666666666666, 0.0, 1.0, 0.0, 0.3333333333333333)": 0.6666666666943798, "(0.6666666666666666, 0.0, 1.0, 0.0, 0.6666666666666666)": 0.6875585780178879, "(0.6666666666666666, 0.0, 1.0, 0.0, 1.0)": 0.6740415392403237, "(0.6666666666666666, 0.0, 0.0, 1.0, -1.0)": 6.002900398982547e-10, "(0.6666666666666666, 0.0, 0.0, 1.0, -0.6666666666666666)": 0.6133058332316099, "(0.6666666666666666, 0.0, 0.0, 1.0, -0.3333333333333333)": 0.9999999997712274, "(0.6666666666666666, 0.0, 0.0, 1.0, 0.0)": 0.9271941427661707, "(0.6666666666666666, 0.0, 0.0, 1.0, 0.3333333333333333)": 0.9999999999382794, "(0.6666666666666666, 0.0, 0.0, 1.0, 0.6666666666666666)": 0.9999999999563163, "(0.6666666666666666, 0.0, 0.0, 1.0, 1.0)": 0.9999999999252782, "(1.0, 1.0, 0.0, 0.0, -1.0)": 3.6096342581615204e-10, "(1.0, 1.0, 0.0, 0.0, -0.6666666666666666)": 0.26967488083353514, "(1.0, 1.0, 0.0, 0.0, -0.3333333333333333)": 0.2900326230925013, "(1.0, 1.0, 0.0, 0.0, 0.0)": 4.955580390486602e-10, "(1.0, 1.0, 0.0, 0.0, 0.3333333333333333)": 0.6666666664193862, "(1.0, 1.0, 0.0, 0.0, 0.6666666666666666)": 0.5000000001260487, "(1.0, 1.0, 0.0, 0.0, 1.0)": 0.6249999999913846, "(1.0, 0.0, 1.0, 0.0, -1.0)": 0.6666666663385966, "(1.0, 0.0, 1.0, 0.0, -0.6666666666666666)": 4.970508449275712e-10, "(1.0, 0.0, 1.0, 0.0, -0.3333333333333333)": 0.4156527507965154, "(1.0, 0.0, 1.0, 0.0, 0.0)": 0.6075978081446956, "(1.0, 0.0, 1.0, 0.0, 0.3333333333333333)": 0.9999999995413504, "(1.0, 0.0, 1.0, 0.0, 0.6666666666666666)": 0.5000000000303562, "(1.0, 0.0, 1.0, 0.0, 1.0)": 5.175779249633194e-10, "(1.0, 0.0, 0.0, 1.0, -1.0)": 0.5468556923892935, "(1.0, 0.0, 0.0, 1.0, -0.6666666666666666)": 0.6080213861225892, "(1.0, 0.0, 0.0, 1.0, -0.3333333333333333)": 0.6924154402484703, "(1.0, 0.0, 0.0, 1.0, 0.0)": 0.7919613262109786, "(1.0, 0.0, 0.0, 1.0, 0.3333333333333333)": 0.9999999997879305, "(1.0, 0.0, 0.0, 1.0, 0.6666666666666666)": 0.8000000000475226, "(1.0, 0.0, 0.0, 1.0, 1.0)": 0.7975052005557914}