{"(0.3333333333333333, 1.0, 0.0, 0.0, -1.0, -1.0)": 0.3580831765852506, "(0.3333333333333333, 1.0, 0.0, 0.0, -0.6666666666666666, -1.0)": 0.3558013470435049, "(0.3333333333333333, 1.0, 0.0, 0.0, -0.3333333333333333, -1.0)": 0.35295213532575964, "(0.3333333333333333, 1.0, 0.0, 0.0, 0.0, -1.0)": 0.3472822529695864, "(0.3333333333333333, 1.0, 0.0, 0.0, 0.3333333333333333, -1.0)": 9.999867186056923e-06, "(0.3333333333333333, 1.0, 0.0, 0.0, 0.6666666666666666, -1.0)": 0.34806650880227663, "(0.3333333333333333, 1.0, 0.0, 0.0, 1.0, -1.0)": 0.35469440741636, "(0.3333333333333333, 0.0, 1.0, 0.0, -1.0, -1.0)": 0.3612005469197877, "(0.3333333333333333, 0.0, 1.0, 0.0, -0.6666666666666666, -1.0)": 0.3598759254932367, "(0.3333333333333333, 0.0, 1.0, 0.0, -0.3333333333333333, -1.0)": 0.3589549783461474, "(0.3333333333333333, 0.0, 1.0, 0.0, 0.0, -1.0)": 0.3584462526938126, "(0.3333333333333333, 0.0, 1.0, 0.0, 0.3333333333333333, -1.0)": 0.35842664460625373, "(0.3333333333333333, 0.0, 1.0, 0.0, 0.6666666666666666, -1.0)": 0.35900000036395713, "(0.3333333333333333, 0.0, 1.0, 0.0, 1.0, -1.0)": 0.36020858866638983, "(0.3333333333333333, 0.0, 0.0, 1.0, -1.0, -1.0)": 0.35707687352252815, "(0.3333333333333333, 0.0, 0.0, 1.0, -0.6666666666666666, -1.0)": 0.3559316591728302, "(0.3333333333333333, 0.0, 0.0, 1.0, -0.3333333333333333, -1.0)": 0.3553657408343235, "(0.3333333333333333, 0.0, 0.0, 1.0, 0.0, -1.0)": 0.35493013243308624, "(0.3333333333333333, 0.0, 0.0, 1.0, 0.3333333333333333, -1.0)": 0.35468681167921495, "(0.3333333333333333, 0.0, 0.0, 1.0, 0.6666666666666666, -1.0)": 0.35515725610909593, "(0.3333333333333333, 0.0, 0.0, 1.0, 1.0, -1.0)": 0.35677416288673625, "(0.6666666666666666, 1.0, 0.0, 0.0, -1.0, -1.0)": 0.3531928895716045, "(0.6666666666666666, 1.0, 0.0, 0.0, -0.6666666666666666, -1.0)": 0.3512438657881366, "(0.6666666666666666, 1.0, 0.0, 0.0, -0.3333333333333333, -1.0)": 0.34966732302602743, "(0.6666666666666666, 1.0, 0.0, 0.0, 0.0, -1.0)": 0.3483778545297881, "(0.6666666666666666, 1.0, 0.0, 0.0, 0.3333333333333333, -1.0)": 0.3479057010025635, "(0.6666666666666666, 1.0, 0.0, 0.0, 0.6666666666666666, -1.0)": 0.3487059669296696, "(0.6666666666666666, 1.0, 0.0, 0.0, 1.0, -1.0)": 0.3508815162232611, "(0.6666666666666666, 0.0, 1.0, 0.0, -1.0, -1.0)": 0.3564183631054249, "(0.6666666666666666, 0.0, 1.0, 0.0, -0.6666666666666666, -1.0)": 0.35506185507662585, "(0.6666666666666666, 0.0, 1.0, 0.0, -0.3333333333333333, -1.0)": 0.3542256526393889, "(0.6666666666666666, 0.0, 1.0, 0.0, 0.0, -1.0)": 0.35361732975576887, "(0.6666666666666666, 0.0, 1.0, 0.0, 0.3333333333333333, -1.0)": 0.35361586154591323, "(0.6666666666666666, 0.0, 1.0, 0.0, 0.6666666666666666, -1.0)": 0.3546959111218138, "(0.6666666666666666, 0.0, 1.0, 0.0, 1.0, -1.0)": 0.35667860943827284, "(0.6666666666666666, 0.0, 0.0, 1.0, -1.0, -1.0)": 9.999800571568838e-06, "(0.6666666666666666, 0.0, 0.0, 1.0, -0.6666666666666666, -1.0)": 0.34585609639677106, "(0.6666666666666666, 0.0, 0.0, 1.0, -0.3333333333333333, -1.0)": 0.3488818060024074, "(0.6666666666666666, 0.0, 0.0, 1.0, 0.0, -1.0)": 0.3478361798606755, "(0.6666666666666666, 0.0, 0.0, 1.0, 0.3333333333333333, -1.0)": 0.3433229235254142, "(0.6666666666666666, 0.0, 0.0, 1.0, 0.6666666666666666, -1.0)": 9.999622930764423e-06, "(0.6666666666666666, 0.0, 0.0, 1.0, 1.0, -1.0)": 0.34602669464534896, "(1.0, 1.0, 0.0, 0.0, -1.0, -1.0)": 9.999672892559627e-06, "(1.0, 1.0, 0.0, 0.0, -0.6666666666666666, -1.0)": 0.3438520222557655, "(1.0, 1.0, 0.0, 0.0, -0.3333333333333333, -1.0)": 0.34273437076799934, "(1.0, 1.0, 0.0, 0.0, 0.0, -1.0)": 9.999989311465896e-06, "(1.0, 1.0, 0.0, 0.0, 0.3333333333333333, -1.0)": 0.33770667358071216, "(1.0, 1.0, 0.0, 0.0, 0.6666666666666666, -1.0)": 9.999889390787673e-06, "(1.0, 1.0, 0.0, 0.0, 1.0, -1.0)": 9.999811674014335e-06, "(1.0, 0.0, 1.0, 0.0, -1.0, -1.0)": 1.0000283516554052e-05, "(1.0, 0.0, 1.0, 0.0, -0.6666666666666666, -1.0)": 0.347633475168777, "(1.0, 0.0, 1.0, 0.0, -0.3333333333333333, -1.0)": 0.3503403984674287, "(1.0, 0.0, 1.0, 0.0, 0.0, -1.0)": 0.34657908453979, "(1.0, 0.0, 1.0, 0.0, 0.3333333333333333, -1.0)": 9.999933800101256e-06, "(1.0, 0.0, 1.0, 0.0, 0.6666666666666666, -1.0)": 0.34832247585535026, "(1.0, 0.0, 1.0, 0.0, 1.0, -1.0)": 0.355099467854697, "(1.0, 0.0, 0.0, 1.0, -1.0, -1.0)": 0.35549270160346996, "(1.0, 0.0, 0.0, 1.0, -0.6666666666666666, -1.0)": 0.3532194625489696, "(1.0, 0.0, 0.0, 1.0, -0.3333333333333333, -1.0)": 0.3503327543570756, "(1.0, 0.0, 0.0, 1.0, 0.0, -1.0)": 0.3440509647726379, "(1.0, 0.0, 0.0, 1.0, 0.3333333333333333, -1.0)": 9.999883839609607e-06, "(1.0, 0.0, 0.0, 1.0, 0.6666666666666666, -1.0)": 1.0000072577935077e-05, "(1.0, 0.0, 0.0, 1.0, 1.0, -1.0)": 0.3455593704661898, "(0.3333333333333333, 1.0, 0.0, 0.0, -1.0, 1.0)": 9.999989311465896e-06, "(0.3333333333333333, 1.0, 0.0, 0.0, -0.6666666666666666, 1.0)": 0.3409951037945392, "(0.3333333333333333, 1.0, 0.0, 0.0, -0.3333333333333333, 1.0)": 0.33976414228967633, "(0.3333333333333333, 1.0, 0.0, 0.0, 0.0, 1.0)": 1.0000372331483567e-05, "(0.3333333333333333, 1.0, 0.0, 0.0, 0.3333333333333333, 1.0)": 9.999811674014335e-06, "(0.3333333333333333, 1.0, 0.0, 0.0, 0.6666666666666666, 1.0)": 0.3422873360971046, "(0.3333333333333333, 1.0, 0.0, 0.0, 1.0, 1.0)": 0.3492224206949194, "(0.3333333333333333, 0.0, 1.0, 0.0, -1.0, 1.0)": 9.999850532476504e-06, "(0.3333333333333333, 0.0, 1.0, 0.0, -0.6666666666666666, 1.0)": 0.34588250390338143, "(0.3333333333333333, 0.0, 1.0, 0.0, -0.3333333333333333, 1.0)": 0.3474966187563628, "(0.3333333333333333, 0.0, 1.0, 0.0, 0.0, 1.0)": 0.3423149275360023, "(0.3333333333333333, 0.0, 1.0, 0.0, 0.3333333333333333, 1.0)": 1.0000266863666955e-05, "(0.3333333333333333, 0.0, 1.0, 0.0, 0.6666666666666666, 1.0)": 9.999856083673059e-06, "(0.3333333333333333, 0.0, 1.0, 0.0, 1.0, 1.0)": 9.999828327659468e-06, "(0.3333333333333333, 0.0, 0.0, 1.0, -1.0, 1.0)": 9.99983387886835e-06, "(0.3333333333333333, 0.0, 0.0, 1.0, -0.6666666666666666, 1.0)": 0.3431054051355139, "(0.3333333333333333, 0.0, 0.0, 1.0, -0.3333333333333333, 1.0)": 0.34505083442965223, "(0.3333333333333333, 0.0, 0.0, 1.0, 0.0, 1.0)": 0.3408962188171752, "(0.3333333333333333, 0.0, 0.0, 1.0, 0.3333333333333333, 1.0)": 1.0000111435383425e-05, "(0.3333333333333333, 0.0, 0.0, 1.0, 0.6666666666666666, 1.0)": 9.999911595469118e-06, "(0.3333333333333333, 0.0, 0.0, 1.0, 1.0, 1.0)": 9.999989311465896e-06, "(0.6666666666666666, 1.0, 0.0, 0.0, -1.0, 1.0)": 1.0000039271430604e-05, "(0.6666666666666666, 1.0, 0.0, 0.0, -0.6666666666666666, 1.0)": 9.999983760343299e-06, "(0.6666666666666666, 1.0, 0.0, 0.0, -0.3333333333333333, 1.0)": 0.3341652609614568, "(0.6666666666666666, 1.0, 0.0, 0.0, 0.0, 1.0)": 9.999661789960044e-06, "(0.6666666666666666, 1.0, 0.0, 0.0, 0.3333333333333333, 1.0)": 0.3340185883594793, "(0.6666666666666666, 1.0, 0.0, 0.0, 0.6666666666666666, 1.0)": 1.0000050373611087e-05, "(0.6666666666666666, 1.0, 0.0, 0.0, 1.0, 1.0)": 9.999856083673059e-06, "(0.6666666666666666, 0.0, 1.0, 0.0, -1.0, 1.0)": 0.35348542404370237, "(0.6666666666666666, 0.0, 1.0, 0.0, -0.6666666666666666, 1.0)": 0.3508303515294907, "(0.6666666666666666, 0.0, 1.0, 0.0, -0.3333333333333333, 1.0)": 0.34744306089050453, "(0.6666666666666666, 0.0, 1.0, 0.0, 0.0, 1.0)": 0.34089084819148985, "(0.6666666666666666, 0.0, 1.0, 0.0, 0.3333333333333333, 1.0)": 9.99958407141779e-06, "(0.6666666666666666, 0.0, 1.0, 0.0, 0.6666666666666666, 1.0)": 1.0000039271430604e-05, "(0.6666666666666666, 0.0, 1.0, 0.0, 1.0, 1.0)": 0.341652580316778, "(0.6666666666666666, 0.0, 0.0, 1.0, -1.0, 1.0)": 1.000003372033574e-05, "(0.6666666666666666, 0.0, 0.0, 1.0, -0.6666666666666666, 1.0)": 0.3371778231743302, "(0.6666666666666666, 0.0, 0.0, 1.0, -0.3333333333333333, 1.0)": 1.0000178047800744e-05, "(0.6666666666666666, 0.0, 0.0, 1.0, 0.0, 1.0)": 0.3353627407777146, "(0.6666666666666666, 0.0, 0.0, 1.0, 0.3333333333333333, 1.0)": 9.999906044303378e-06, "(0.6666666666666666, 0.0, 0.0, 1.0, 0.6666666666666666, 1.0)": 0.339856407526355,