{"(0.3333333333333333, 1.0, 0.0, 0.0, -1.0)": 1.000042228953479e-05, "(0.3333333333333333, 1.0, 0.0, 0.0, -0.6666666666666666)": 0.3414132119090707, "(0.3333333333333333, 1.0, 0.0, 0.0, -0.3333333333333333)": 0.3405359348681545, "(0.3333333333333333, 1.0, 0.0, 0.0, 0.0)": 1.0000372331483567e-05, "(0.3333333333333333, 1.0, 0.0, 0.0, 0.3333333333333333)": 1.0000289067510257e-05, "(0.3333333333333333, 1.0, 0.0, 0.0, 0.6666666666666666)": 0.3505361429162852, "(0.3333333333333333, 1.0, 0.0, 0.0, 1.0)": 0.3805563829598124, "(0.3333333333333333, 0.0, 1.0, 0.0, -1.0)": 1.0000433391290058e-05, "(0.3333333333333333, 0.0, 1.0, 0.0, -0.6666666666666666)": 1.000056661139199e-05, "(0.3333333333333333, 0.0, 1.0, 0.0, -0.3333333333333333)": 0.3415835891266096, "(0.3333333333333333, 0.0, 1.0, 0.0, 0.0)": 0.34136103307857013, "(0.3333333333333333, 0.0, 1.0, 0.0, 0.3333333333333333)": 1.000015584371094e-05, "(0.3333333333333333, 0.0, 1.0, 0.0, 0.6666666666666666)": 1.0000544408164908e-05, "(0.3333333333333333, 0.0, 1.0, 0.0, 1.0)": 0.35549844534430947, "(0.3333333333333333, 0.0, 0.0, 1.0, -1.0)": 1.0000500001562859e-05, "(0.3333333333333333, 0.0, 0.0, 1.0, -0.6666666666666666)": 1.000059436535652e-05, "(0.3333333333333333, 0.0, 0.0, 1.0, -0.3333333333333333)": 1.000030016941342e-05, "(0.3333333333333333, 0.0, 0.0, 1.0, 0.0)": 0.3240587061877111, "(0.3333333333333333, 0.0, 0.0, 1.0, 0.3333333333333333)": 1.0000433391290058e-05, "(0.3333333333333333, 0.0, 0.0, 1.0, 0.6666666666666666)": 1.0000350127825137e-05, "(0.3333333333333333, 0.0, 0.0, 1.0, 1.0)": 1.0000433391290058e-05, "(0.6666666666666666, 1.0, 0.0, 0.0, -1.0)": 1.0000494450723736e-05, "(0.6666666666666666, 1.0, 0.0, 0.0, -0.6666666666666666)": 1.0000455594763622e-05, "(0.6666666666666666, 1.0, 0.0, 0.0, -0.3333333333333333)": 0.3228302052974872, "(0.6666666666666666, 1.0, 0.0, 0.0, 0.0)": 1.0000383433294297e-05, "(0.6666666666666666, 1.0, 0.0, 0.0, 0.3333333333333333)": 1.0000383433294297e-05, "(0.6666666666666666, 1.0, 0.0, 0.0, 0.6666666666666666)": 1.0000366780573582e-05, "(0.6666666666666666, 1.0, 0.0, 0.0, 1.0)": 0.3487919983109976, "(0.6666666666666666, 0.0, 1.0, 0.0, -1.0)": 1.000040008598728e-05, "(0.6666666666666666, 0.0, 1.0, 0.0, -0.6666666666666666)": 0.3410196639693679, "(0.6666666666666666, 0.0, 1.0, 0.0, -0.3333333333333333)": 0.35628344772033366, "(0.6666666666666666, 0.0, 1.0, 0.0, 0.0)": 0.34175599633141596, "(0.6666666666666666, 0.0, 1.0, 0.0, 0.3333333333333333)": 1.000040008598728e-05, "(0.6666666666666666, 0.0, 1.0, 0.0, 0.6666666666666666)": 0.34368212318553754, "(0.6666666666666666, 0.0, 1.0, 0.0, 1.0)": 0.3690685833502118, "(0.6666666666666666, 0.0, 0.0, 1.0, -1.0)": 1.0000355678744367e-05, "(0.6666666666666666, 0.0, 0.0, 1.0, -0.6666666666666666)": 0.3249037528738245, "(0.6666666666666666, 0.0, 0.0, 1.0, -0.3333333333333333)": 1.0000372331483567e-05, "(0.6666666666666666, 0.0, 0.0, 1.0, 0.0)": 0.3231234361707154, "(0.6666666666666666, 0.0, 0.0, 1.0, 0.3333333333333333)": 1.0000699829719287e-05, "(0.6666666666666666, 0.0, 0.0, 1.0, 0.6666666666666666)": 1.0000411187767198e-05, "(0.6666666666666666, 0.0, 0.0, 1.0, 1.0)": 1.0000277965594768e-05, "(1.0, 1.0, 0.0, 0.0, -1.0)": 1.0000272414632402e-05, "(1.0, 1.0, 0.0, 0.0, -0.6666666666666666)": 0.3414627056087769, "(1.0, 1.0, 0.0, 0.0, -0.3333333333333333)": 0.3404112106183578, "(1.0, 1.0, 0.0, 0.0, 0.0)": 1.0000355678744367e-05, "(1.0, 1.0, 0.0, 0.0, 0.3333333333333333)": 1.0000067026858702e-05, "(1.0, 1.0, 0.0, 0.0, 0.6666666666666666)": 1.000040563687878e-05, "(1.0, 1.0, 0.0, 0.0, 1.0)": 1.0000194700835743e-05, "(1.0, 0.0, 1.0, 0.0, -1.0)": 1.0000505552398898e-05, "(1.0, 0.0, 1.0, 0.0, -0.6666666666666666)": 1.0000483349036252e-05, "(1.0, 0.0, 1.0, 0.0, -0.3333333333333333)": 0.341552310702084, "(1.0, 0.0, 1.0, 0.0, 0.0)": 0.3411592574596777, "(1.0, 0.0, 1.0, 0.0, 0.3333333333333333)": 1.00002391087935e-05, "(1.0, 0.0, 1.0, 0.0, 0.6666666666666666)": 1.0000588814569777e-05, "(1.0, 0.0, 1.0, 0.0, 1.0)": 1.0000339025977435e-05, "(1.0, 0.0, 0.0, 1.0, -1.0)": 0.38932317584913134, "(1.0, 0.0, 0.0, 1.0, -0.6666666666666666)": 0.38232403369897466, "(1.0, 0.0, 0.0, 1.0, -0.3333333333333333)": 0.37273322391199154, "(1.0, 0.0, 0.0, 1.0, 0.0)": 0.3480242094478401, "(1.0, 0.0, 0.0, 1.0, 0.3333333333333333)": 1.0000522204888532e-05, "(1.0, 0.0, 0.0, 1.0, 0.6666666666666666)": 1.0000544408164908e-05, "(1.0, 0.0, 0.0, 1.0, 1.0)": 0.3512649245653639}