{"(0.3333333333333333, 1.0, 0.0, 0.0, -1.0)": 0.9999999999347946, "(0.3333333333333333, 1.0, 0.0, 0.0, -0.6666666666666666)": 0.9894976416026958, "(0.3333333333333333, 1.0, 0.0, 0.0, -0.3333333333333333)": 0.9908486469457942, "(0.3333333333333333, 1.0, 0.0, 0.0, 0.0)": 0.9999999999459828, "(0.3333333333333333, 1.0, 0.0, 0.0, 0.3333333333333333)": 0.9333333333927043, "(0.3333333333333333, 1.0, 0.0, 0.0, 0.6666666666666666)": 0.9366472577395325, "(0.3333333333333333, 1.0, 0.0, 0.0, 1.0)": 0.9204628228005034, "(0.3333333333333333, 0.0, 1.0, 0.0, -1.0)": 0.999999999829843, "(0.3333333333333333, 0.0, 1.0, 0.0, -0.6666666666666666)": 0.9431363964187884, "(0.3333333333333333, 0.0, 1.0, 0.0, -0.3333333333333333)": 0.9397710370534966, "(0.3333333333333333, 0.0, 1.0, 0.0, 0.0)": 0.9615163260310556, "(0.3333333333333333, 0.0, 1.0, 0.0, 0.3333333333333333)": 0.999999999960144, "(0.3333333333333333, 0.0, 1.0, 0.0, 0.6666666666666666)": 0.9999999999830894, "(0.3333333333333333, 0.0, 1.0, 0.0, 1.0)": 0.9999999999383634, "(0.3333333333333333, 0.0, 0.0, 1.0, -1.0)": 0.9999999998638158, "(0.3333333333333333, 0.0, 0.0, 1.0, -0.6666666666666666)": 0.9623602657573423, "(0.3333333333333333, 0.0, 0.0, 1.0, -0.3333333333333333)": 0.961393594513315, "(0.3333333333333333, 0.0, 0.0, 1.0, 0.0)": 0.9700450598165472, "(0.3333333333333333, 0.0, 0.0, 1.0, 0.3333333333333333)": 0.9999999999255289, "(0.3333333333333333, 0.0, 0.0, 1.0, 0.6666666666666666)": 0.9999999999016336, "(0.3333333333333333, 0.0, 0.0, 1.0, 1.0)": 0.999999999811519, "(0.6666666666666666, 1.0, 0.0, 0.0, -1.0)": 0.9999999998354271, "(0.6666666666666666, 1.0, 0.0, 0.0, -0.6666666666666666)": 0.9999999998974962, "(0.6666666666666666, 1.0, 0.0, 0.0, -0.3333333333333333)": 0.9574360861382429, "(0.6666666666666666, 1.0, 0.0, 0.0, 0.0)": 0.9999999998555007, "(0.6666666666666666, 1.0, 0.0, 0.0, 0.3333333333333333)": 0.9319538633576956, "(0.6666666666666666, 1.0, 0.0, 0.0, 0.6666666666666666)": 0.9999999998187898, "(0.6666666666666666, 1.0, 0.0, 0.0, 1.0)": 0.9999999997602476, "(0.6666666666666666, 0.0, 1.0, 0.0, -1.0)": 0.6622795328247103, "(0.6666666666666666, 0.0, 1.0, 0.0, -0.6666666666666666)": 0.7014069854009094, "(0.6666666666666666, 0.0, 1.0, 0.0, -0.3333333333333333)": 0.763554882083313, "(0.6666666666666666, 0.0, 1.0, 0.0, 0.0)": 0.8530527698545519, "(0.6666666666666666, 0.0, 1.0, 0.0, 0.3333333333333333)": 0.9999999998370269, "(0.6666666666666666, 0.0, 1.0, 0.0, 0.6666666666666666)": 0.9999999999045267, "(0.6666666666666666, 0.0, 1.0, 0.0, 1.0)": 0.9280125700855492, "(0.6666666666666666, 0.0, 0.0, 1.0, -1.0)": 0.6666666668540643, "(0.6666666666666666, 0.0, 0.0, 1.0, -0.6666666666666666)": 0.8268396295412371, "(0.6666666666666666, 0.0, 0.0, 1.0, -0.3333333333333333)": 0.999999999767714, "(0.6666666666666666, 0.0, 0.0, 1.0, 0.0)": 0.9365713860427064, "(0.6666666666666666, 0.0, 0.0, 1.0, 0.3333333333333333)": 0.9999999992625377, "(0.6666666666666666, 0.0, 0.0, 1.0, 0.6666666666666666)": 1.170917252046877e-09, "(0.6666666666666666, 0.0, 0.0, 1.0, 1.0)": 0.4091130351677662, "(1.0, 1.0, 0.0, 0.0, -1.0)": 0.5000000002254835, "(1.0, 1.0, 0.0, 0.0, -0.6666666666666666)": 0.6252531594453405, "(1.0, 1.0, 0.0, 0.0, -0.3333333333333333)": 0.6882493469999322, "(1.0, 1.0, 0.0, 0.0, 0.0)": 0.749999999754747, "(1.0, 1.0, 0.0, 0.0, 0.3333333333333333)": 0.45573006883751704, "(1.0, 1.0, 0.0, 0.0, 0.6666666666666666)": 7.382740807582167e-10, "(1.0, 1.0, 0.0, 0.0, 1.0)": 0.2857142858273984, "(1.0, 0.0, 1.0, 0.0, -1.0)": 6.05476530024518e-10, "(1.0, 0.0, 1.0, 0.0, -0.6666666666666666)": 0.3208494087835707, "(1.0, 0.0, 1.0, 0.0, -0.3333333333333333)": 0.4706372812462989, "(1.0, 0.0, 1.0, 0.0, 0.0)": 0.5313890418177177, "(1.0, 0.0, 1.0, 0.0, 0.3333333333333333)": 0.5000000004083519, "(1.0, 0.0, 1.0, 0.0, 0.6666666666666666)": 0.9999999995003607, "(1.0, 0.0, 1.0, 0.0, 1.0)": 0.8545454438240363, "(1.0, 0.0, 0.0, 1.0, -1.0)": 0.6430631366371128, "(1.0, 0.0, 0.0, 1.0, -0.6666666666666666)": 0.6470393194976239, "(1.0, 0.0, 0.0, 1.0, -0.3333333333333333)": 0.6383978189950379, "(1.0, 0.0, 0.0, 1.0, 0.0)": 0.5963190712426241, "(1.0, 0.0, 0.0, 1.0, 0.3333333333333333)": 0.5000000001019712, "(1.0, 0.0, 0.0, 1.0, 0.6666666666666666)": 0.500000000017678, "(1.0, 0.0, 0.0, 1.0, 1.0)": 0.5176005650020788}