{"(0.3333333333333333, 1.0, 0.0, 0.0, -1.0)": 1.0, "(0.3333333333333333, 1.0, 0.0, 0.0, 0.0)": 1.0, "(0.3333333333333333, 1.0, 0.0, 0.0, 0.3333333333333333)": 0.8666666666666667, "(0.3333333333333333, 0.0, 1.0, 0.0, -1.0)": 1.0, "(0.3333333333333333, 0.0, 1.0, 0.0, -0.6666666666666666)": 1.0, "(0.3333333333333333, 0.0, 1.0, 0.0, 0.3333333333333333)": 1.0, "(0.3333333333333333, 0.0, 1.0, 0.0, 0.6666666666666666)": 1.0, "(0.3333333333333333, 0.0, 0.0, 1.0, -1.0)": 1.0, "(0.3333333333333333, 0.0, 0.0, 1.0, -0.6666666666666666)": 1.0, "(0.3333333333333333, 0.0, 0.0, 1.0, -0.3333333333333333)": 1.0, "(0.3333333333333333, 0.0, 0.0, 1.0, 0.3333333333333333)": 1.0, "(0.3333333333333333, 0.0, 0.0, 1.0, 0.6666666666666666)": 1.0, "(0.3333333333333333, 0.0, 0.0, 1.0, 1.0)": 1.0, "(0.6666666666666666, 1.0, 0.0, 0.0, -1.0)": 1.0, "(0.6666666666666666, 1.0, 0.0, 0.0, -0.6666666666666666)": 0.0, "(0.6666666666666666, 1.0, 0.0, 0.0, 0.0)": 1.0, "(0.6666666666666666, 1.0, 0.0, 0.0, 0.3333333333333333)": 1.0, "(0.6666666666666666, 1.0, 0.0, 0.0, 0.6666666666666666)": 0.9411764705882353, "(0.6666666666666666, 0.0, 1.0, 0.0, -1.0)": 0.0, "(0.6666666666666666, 0.0, 1.0, 0.0, 0.3333333333333333)": 0.6666666666666666, "(0.6666666666666666, 0.0, 0.0, 1.0, -1.0)": 0.0, "(0.6666666666666666, 0.0, 0.0, 1.0, -0.3333333333333333)": 1.0, "(0.6666666666666666, 0.0, 0.0, 1.0, 0.3333333333333333)": 1.0, "(0.6666666666666666, 0.0, 0.0, 1.0, 0.6666666666666666)": 1.0, "(0.6666666666666666, 0.0, 0.0, 1.0, 1.0)": 1.0, "(1.0, 1.0, 0.0, 0.0, -1.0)": 0.0, "(1.0, 1.0, 0.0, 0.0, 0.0)": 0.0, "(1.0, 1.0, 0.0, 0.0, 0.3333333333333333)": 0.6666666666666666, "(1.0, 1.0, 0.0, 0.0, 0.6666666666666666)": 0.5, "(1.0, 1.0, 0.0, 0.0, 1.0)": 0.625, "(1.0, 0.0, 1.0, 0.0, -1.0)": 0.6666666666666666, "(1.0, 0.0, 1.0, 0.0, -0.6666666666666666)": 0.0, "(1.0, 0.0, 1.0, 0.0, 0.3333333333333333)": 1.0, "(1.0, 0.0, 1.0, 0.0, 0.6666666666666666)": 0.5, "(1.0, 0.0, 1.0, 0.0, 1.0)": 0.0, "(1.0, 0.0, 0.0, 1.0, 0.3333333333333333)": 1.0, "(1.0, 0.0, 0.0, 1.0, 0.6666666666666666)": 0.8}