{"(0.3333333333333333, 1.0, 0.0, 0.0, -1.0, -1.0)": 0.43398188963843115, "(0.3333333333333333, 1.0, 0.0, 0.0, -0.6666666666666666, -1.0)": 0.43249162634850913, "(0.3333333333333333, 1.0, 0.0, 0.0, -0.3333333333333333, -1.0)": 0.4311055417142741, "(0.3333333333333333, 1.0, 0.0, 0.0, 0.0, -1.0)": 0.42883414808545095, "(0.3333333333333333, 1.0, 0.0, 0.0, 0.3333333333333333, -1.0)": 9.999911595469118e-06, "(0.3333333333333333, 1.0, 0.0, 0.0, 0.6666666666666666, -1.0)": 0.42942205109593773, "(0.3333333333333333, 1.0, 0.0, 0.0, 1.0, -1.0)": 0.43258973361187425, "(0.3333333333333333, 0.0, 1.0, 0.0, -1.0, -1.0)": 0.4340394058873149, "(0.3333333333333333, 0.0, 1.0, 0.0, -0.6666666666666666, -1.0)": 0.4331790162171282, "(0.3333333333333333, 0.0, 1.0, 0.0, -0.3333333333333333, -1.0)": 0.4327356351095033, "(0.3333333333333333, 0.0, 1.0, 0.0, 0.0, -1.0)": 0.43257861639548406, "(0.3333333333333333, 0.0, 1.0, 0.0, 0.3333333333333333, -1.0)": 0.4328185654658158, "(0.3333333333333333, 0.0, 1.0, 0.0, 0.6666666666666666, -1.0)": 0.4336140116775037, "(0.3333333333333333, 0.0, 1.0, 0.0, 1.0, -1.0)": 0.43488500396185253, "(0.3333333333333333, 0.0, 0.0, 1.0, -1.0, -1.0)": 0.4346156051010341, "(0.3333333333333333, 0.0, 0.0, 1.0, -0.6666666666666666, -1.0)": 0.4337995760314784, "(0.3333333333333333, 0.0, 0.0, 1.0, -0.3333333333333333, -1.0)": 0.43346165845234896, "(0.3333333333333333, 0.0, 0.0, 1.0, 0.0, -1.0)": 0.43344324052227073, "(0.3333333333333333, 0.0, 0.0, 1.0, 0.3333333333333333, -1.0)": 0.4337131521648038, "(0.3333333333333333, 0.0, 0.0, 1.0, 0.6666666666666666, -1.0)": 0.43431556539489624, "(0.3333333333333333, 0.0, 0.0, 1.0, 1.0, -1.0)": 0.4352882148380179, "(0.6666666666666666, 1.0, 0.0, 0.0, -1.0, -1.0)": 0.4288568313017726, "(0.6666666666666666, 1.0, 0.0, 0.0, -0.6666666666666666, -1.0)": 9.999767264158385e-06, "(0.6666666666666666, 1.0, 0.0, 0.0, -0.3333333333333333, -1.0)": 0.42637655770945965, "(0.6666666666666666, 1.0, 0.0, 0.0, 0.0, -1.0)": 0.4268415901013197, "(0.6666666666666666, 1.0, 0.0, 0.0, 0.3333333333333333, -1.0)": 0.42534978487456276, "(0.6666666666666666, 1.0, 0.0, 0.0, 0.6666666666666666, -1.0)": 9.999972658088861e-06, "(0.6666666666666666, 1.0, 0.0, 0.0, 1.0, -1.0)": 0.42739664121815696, "(0.6666666666666666, 0.0, 1.0, 0.0, -1.0, -1.0)": 9.999928248947844e-06, "(0.6666666666666666, 0.0, 1.0, 0.0, -0.6666666666666666, -1.0)": 0.4271673409208886, "(0.6666666666666666, 0.0, 1.0, 0.0, -0.3333333333333333, -1.0)": 0.42806259112406675, "(0.6666666666666666, 0.0, 1.0, 0.0, 0.0, -1.0)": 0.42678162788219665, "(0.6666666666666666, 0.0, 1.0, 0.0, 0.3333333333333333, -1.0)": 9.999828327659468e-06, "(0.6666666666666666, 0.0, 1.0, 0.0, 0.6666666666666666, -1.0)": 0.4276729331653176, "(0.6666666666666666, 0.0, 1.0, 0.0, 1.0, -1.0)": 0.4306880253836466, "(0.6666666666666666, 0.0, 0.0, 1.0, -1.0, -1.0)": 9.999939351251587e-06, "(0.6666666666666666, 0.0, 0.0, 1.0, -0.6666666666666666, -1.0)": 0.4295911562781369, "(0.6666666666666666, 0.0, 0.0, 1.0, -0.3333333333333333, -1.0)": 0.43091818170888724, "(0.6666666666666666, 0.0, 0.0, 1.0, 0.0, -1.0)": 0.4311578721309097, "(0.6666666666666666, 0.0, 0.0, 1.0, 0.3333333333333333, -1.0)": 0.43130139215298535, "(0.6666666666666666, 0.0, 0.0, 1.0, 0.6666666666666666, -1.0)": 0.4318011956621586, "(0.6666666666666666, 0.0, 0.0, 1.0, 1.0, -1.0)": 0.4329077605730349, "(1.0, 1.0, 0.0, 0.0, -1.0, -1.0)": 1.0000172496782916e-05, "(1.0, 1.0, 0.0, 0.0, -0.6666666666666666, -1.0)": 0.4280734010764553, "(1.0, 1.0, 0.0, 0.0, -0.3333333333333333, -1.0)": 0.42835225421502443, "(1.0, 1.0, 0.0, 0.0, 0.0, -1.0)": 0.4261019094501635, "(1.0, 1.0, 0.0, 0.0, 0.3333333333333333, -1.0)": 9.999978209217621e-06, "(1.0, 1.0, 0.0, 0.0, 0.6666666666666666, -1.0)": 9.999872737244232e-06, "(1.0, 1.0, 0.0, 0.0, 1.0, -1.0)": 9.999956004684091e-06, "(1.0, 0.0, 1.0, 0.0, -1.0, -1.0)": 9.999778366640863e-06, "(1.0, 0.0, 1.0, 0.0, -0.6666666666666666, -1.0)": 9.999906044303378e-06, "(1.0, 0.0, 1.0, 0.0, -0.3333333333333333, -1.0)": 0.42668955920932267, "(1.0, 0.0, 1.0, 0.0, 0.0, -1.0)": 0.42798417617698253, "(1.0, 0.0, 1.0, 0.0, 0.3333333333333333, -1.0)": 0.4265523083381364, "(1.0, 0.0, 1.0, 0.0, 0.6666666666666666, -1.0)": 1.000001706703266e-05, "(1.0, 0.0, 1.0, 0.0, 1.0, -1.0)": 1.0000055924696708e-05, "(1.0, 0.0, 0.0, 1.0, -1.0, -1.0)": 0.434674999127942, "(1.0, 0.0, 0.0, 1.0, -0.6666666666666666, -1.0)": 0.4336096507189965, "(1.0, 0.0, 0.0, 1.0, -0.3333333333333333, -1.0)": 0.4327606646214423, "(1.0, 0.0, 0.0, 1.0, 0.0, -1.0)": 0.4317507630231128, "(1.0, 0.0, 0.0, 1.0, 0.3333333333333333, -1.0)": 0.42969736957996246, "(1.0, 0.0, 0.0, 1.0, 0.6666666666666666, -1.0)": 9.999928248947844e-06, "(1.0, 0.0, 0.0, 1.0, 1.0, -1.0)": 0.43093649356477787, "(0.3333333333333333, 1.0, 0.0, 0.0, -1.0, 1.0)": 1.000001151592547e-05, "(0.3333333333333333, 1.0, 0.0, 0.0, -0.6666666666666666, 1.0)": 0.4277390642401151, "(0.3333333333333333, 1.0, 0.0, 0.0, -0.3333333333333333, 1.0)": 0.42823995632809453, "(0.3333333333333333, 1.0, 0.0, 0.0, 0.0, 1.0)": 0.4265827795143262, "(0.3333333333333333, 1.0, 0.0, 0.0, 0.3333333333333333, 1.0)": 1.000003372033574e-05, "(0.3333333333333333, 1.0, 0.0, 0.0, 0.6666666666666666, 1.0)": 0.42774360774854664, "(0.3333333333333333, 1.0, 0.0, 0.0, 1.0, 1.0)": 0.43109597957826956, "(0.3333333333333333, 0.0, 1.0, 0.0, -1.0, 1.0)": 9.999944902398837e-06, "(0.3333333333333333, 0.0, 1.0, 0.0, -0.6666666666666666, 1.0)": 9.999989311465896e-06, "(0.3333333333333333, 0.0, 1.0, 0.0, -0.3333333333333333, 1.0)": 0.4261018260349718, "(0.3333333333333333, 0.0, 1.0, 0.0, 0.0, 1.0)": 0.42582430066551474, "(0.3333333333333333, 0.0, 1.0, 0.0, 0.3333333333333333, 1.0)": 1.0000055924696708e-05, "(0.3333333333333333, 0.0, 1.0, 0.0, 0.6666666666666666, 1.0)": 9.999911595469118e-06, "(0.3333333333333333, 0.0, 1.0, 0.0, 1.0, 1.0)": 0.42911878598416114, "(0.3333333333333333, 0.0, 0.0, 1.0, -1.0, 1.0)": 1.0000100333270733e-05, "(0.3333333333333333, 0.0, 0.0, 1.0, -0.6666666666666666, 1.0)": 1.0000039271430604e-05, "(0.3333333333333333, 0.0, 0.0, 1.0, -0.3333333333333333, 1.0)": 9.999822776447505e-06, "(0.3333333333333333, 0.0, 0.0, 1.0, 0.0, 1.0)": 0.42231627184342285, "(0.3333333333333333, 0.0, 0.0, 1.0, 0.3333333333333333, 1.0)": 9.999956004684091e-06, "(0.3333333333333333, 0.0, 0.0, 1.0, 0.6666666666666666, 1.0)": 9.999978209217621e-06, "(0.3333333333333333, 0.0, 0.0, 1.0, 1.0, 1.0)": 9.999883839609607e-06, "(0.6666666666666666, 1.0, 0.0, 0.0, -1.0, 1.0)": 9.999989311465896e-06, "(0.6666666666666666, 1.0, 0.0, 0.0, -0.6666666666666666, 1.0)": 0.4256563871952014, "(0.6666666666666666, 1.0, 0.0, 0.0, -0.3333333333333333, 1.0)": 0.42431482963107925, "(0.6666666666666666, 1.0, 0.0, 0.0, 0.0, 1.0)": 9.999817225232461e-06, "(0.6666666666666666, 1.0, 0.0, 0.0, 0.3333333333333333, 1.0)": 1.000001151592547e-05, "(0.6666666666666666, 1.0, 0.0, 0.0, 0.6666666666666666, 1.0)": 9.999983760343299e-06, "(0.6666666666666666, 1.0, 0.0, 0.0, 1.0, 1.0)": 0.4258000771811603, "(0.6666666666666666, 0.0, 1.0, 0.0, -1.0, 1.0)": 0.4298419371311533, "(0.6666666666666666, 0.0, 1.0, 0.0, -0.6666666666666666, 1.0)": 0.42844875066533933, "(0.6666666666666666, 0.0, 1.0, 0.0, -0.3333333333333333, 1.0)": 0.42727650335571804, "(0.6666666666666666, 0.0, 1.0, 0.0, 0.0, 1.0)": 0.425196865271414, "(0.6666666666666666, 0.0, 1.0, 0.0, 0.3333333333333333, 1.0)": 1.000001706703266e-05, "(0.6666666666666666, 0.0, 1.0, 0.0, 0.6666666666666666, 1.0)": 0.42585577422830684, "(0.6666666666666666, 0.0, 1.0, 0.0, 1.0, 1.0)": 0.4292282974236203, "(0.6666666666666666, 0.0, 0.0, 1.0, -1.0, 1.0)": 0.4296492538217809, "(0.6666666666666666, 0.0, 0.0, 1.0, -0.6666666666666666, 1.0)": 0.4260872894953193, "(0.6666666666666666, 0.0, 0.0, 1.0, -0.3333333333333333, 1.0)": 9.999972658088861e-06, "(0.6666666666666666, 0.0, 0.0, 1.0, 0.0, 1.0)": 0.42171442026230105, "(0.6666666666666666, 0.0, 0.0, 1.0, 0.3333333333333333, 1.0)": 1.000003372033574e-05,