{"(0.3333333333333333, 1.0, 0.0, 0.0, 0.3333333333333333, -1)": -0.2156, "(0.6666666666666666, 0.0, 0.0, 1.0, -1.0, -1)": -0.8317, "(0.6666666666666666, 0.0, 0.0, 1.0, 0.6666666666666666, -1)": -0.7344, "(1.0, 1.0, 0.0, 0.0, -1.0, -1)": -0.4196, "(1.0, 1.0, 0.0, 0.0, 0.0, -1)": -1.0, "(1.0, 1.0, 0.0, 0.0, 0.6666666666666666, -1)": -0.8733, "(1.0, 1.0, 0.0, 0.0, 1.0, -1)": -0.87106, "(1.0, 0.0, 1.0, 0.0, -1.0, -1)": -0.7378, "(1.0, 0.0, 1.0, 0.0, 0.3333333333333333, -1)": -0.778, "(1.0, 0.0, 0.0, 1.0, 0.3333333333333333, -1)": -0.8545, "(1.0, 0.0, 0.0, 1.0, 0.6666666666666666, -1)": -0.6102, "(0.3333333333333333, 1.0, 0.0, 0.0, -1.0, 1)": -0.6468, "(0.3333333333333333, 1.0, 0.0, 0.0, 0.0, 1)": -0.17503333333333337, "(0.3333333333333333, 1.0, 0.0, 0.0, 0.3333333333333333, 1)": -0.7981928571428573, "(0.3333333333333333, 0.0, 1.0, 0.0, -1.0, 1)": -0.7953, "(0.3333333333333333, 0.0, 1.0, 0.0, 0.3333333333333333, 1)": -1.0, "(0.3333333333333333, 0.0, 1.0, 0.0, 0.6666666666666666, 1)": -0.6476500000000001, "(0.3333333333333333, 0.0, 1.0, 0.0, 1.0, 1)": -1.0, "(0.3333333333333333, 0.0, 0.0, 1.0, -1.0, 1)": 0.2999, "(0.3333333333333333, 0.0, 0.0, 1.0, 0.3333333333333333, 1)": -0.679, "(0.3333333333333333, 0.0, 0.0, 1.0, 0.6666666666666666, 1)": -0.2808, "(0.3333333333333333, 0.0, 0.0, 1.0, 1.0, 1)": -0.3169, "(0.6666666666666666, 1.0, 0.0, 0.0, -1.0, 1)": -0.9259, "(0.6666666666666666, 1.0, 0.0, 0.0, -0.6666666666666666, 1)": -0.9417, "(0.6666666666666666, 1.0, 0.0, 0.0, 0.0, 1)": -0.054649999999999976, "(0.6666666666666666, 1.0, 0.0, 0.0, 0.6666666666666666, 1)": -0.43139999999999995, "(0.6666666666666666, 1.0, 0.0, 0.0, 1.0, 1)": 0.2185, "(0.6666666666666666, 0.0, 1.0, 0.0, 0.3333333333333333, 1)": -0.65666, "(0.6666666666666666, 0.0, 1.0, 0.0, 0.6666666666666666, 1)": -0.7746999999999999, "(0.6666666666666666, 0.0, 0.0, 1.0, -1.0, 1)": -0.71895, "(0.6666666666666666, 0.0, 0.0, 1.0, -0.3333333333333333, 1)": -0.4811, "(0.6666666666666666, 0.0, 0.0, 1.0, 0.3333333333333333, 1)": -0.1944, "(1.0, 1.0, 0.0, 0.0, -1.0, 1)": -0.95645, "(1.0, 1.0, 0.0, 0.0, 0.0, 1)": -0.5268666666666667, "(1.0, 1.0, 0.0, 0.0, 1.0, 1)": -0.584, "(1.0, 0.0, 1.0, 0.0, 0.3333333333333333, 1)": -0.7343, "(1.0, 0.0, 1.0, 0.0, 0.6666666666666666, 1)": -0.7143, "(1.0, 0.0, 0.0, 1.0, 0.3333333333333333, 1)": -0.8474999999999999, "(1.0, 0.0, 0.0, 1.0, 0.6666666666666666, 1)": 0.3118}