{"(0.3333333333333333, 1.0, 0.0, 0.0, -1.0, -1.0)": -0.5942254579303423, "(0.3333333333333333, 1.0, 0.0, 0.0, -0.6666666666666666, -1.0)": -0.5805758396336573, "(0.3333333333333333, 1.0, 0.0, 0.0, -0.3333333333333333, -1.0)": -0.5601145991886014, "(0.3333333333333333, 1.0, 0.0, 0.0, 0.0, -1.0)": -0.5257236528449329, "(0.3333333333333333, 1.0, 0.0, 0.0, 0.3333333333333333, -1.0)": -0.2156000003123859, "(0.3333333333333333, 1.0, 0.0, 0.0, 0.6666666666666666, -1.0)": -0.5144572239366729, "(0.3333333333333333, 1.0, 0.0, 0.0, 1.0, -1.0)": -0.5381944129668925, "(0.3333333333333333, 0.0, 1.0, 0.0, -1.0, -1.0)": -0.6538340706060106, "(0.3333333333333333, 0.0, 1.0, 0.0, -0.6666666666666666, -1.0)": -0.6560519269481615, "(0.3333333333333333, 0.0, 1.0, 0.0, -0.3333333333333333, -1.0)": -0.6573284312060883, "(0.3333333333333333, 0.0, 1.0, 0.0, 0.0, -1.0)": -0.657451119027959, "(0.3333333333333333, 0.0, 1.0, 0.0, 0.3333333333333333, -1.0)": -0.6560735499848738, "(0.3333333333333333, 0.0, 1.0, 0.0, 0.6666666666666666, -1.0)": -0.6528817530882085, "(0.3333333333333333, 0.0, 1.0, 0.0, 1.0, -1.0)": -0.6478495849088874, "(0.3333333333333333, 0.0, 0.0, 1.0, -1.0, -1.0)": -0.5839614220006899, "(0.3333333333333333, 0.0, 0.0, 1.0, -0.6666666666666666, -1.0)": -0.5802844345847094, "(0.3333333333333333, 0.0, 0.0, 1.0, -0.3333333333333333, -1.0)": -0.5762267749496353, "(0.3333333333333333, 0.0, 0.0, 1.0, 0.0, -1.0)": -0.572939101853505, "(0.3333333333333333, 0.0, 0.0, 1.0, 0.3333333333333333, -1.0)": -0.5703777728680768, "(0.3333333333333333, 0.0, 0.0, 1.0, 0.6666666666666666, -1.0)": -0.5676886086797497, "(0.3333333333333333, 0.0, 0.0, 1.0, 1.0, -1.0)": -0.5644557428074464, "(0.6666666666666666, 1.0, 0.0, 0.0, -1.0, -1.0)": -0.6242695339991577, "(0.6666666666666666, 1.0, 0.0, 0.0, -0.6666666666666666, -1.0)": -0.6221636701636779, "(0.6666666666666666, 1.0, 0.0, 0.0, -0.3333333333333333, -1.0)": -0.6193858233206218, "(0.6666666666666666, 1.0, 0.0, 0.0, 0.0, -1.0)": -0.6142119185132415, "(0.6666666666666666, 1.0, 0.0, 0.0, 0.3333333333333333, -1.0)": -0.6077915123128541, "(0.6666666666666666, 1.0, 0.0, 0.0, 0.6666666666666666, -1.0)": -0.6028612944224632, "(0.6666666666666666, 1.0, 0.0, 0.0, 1.0, -1.0)": -0.5983127613192494, "(0.6666666666666666, 0.0, 1.0, 0.0, -1.0, -1.0)": -0.6755795782949274, "(0.6666666666666666, 0.0, 1.0, 0.0, -0.6666666666666666, -1.0)": -0.6789262853929294, "(0.6666666666666666, 0.0, 1.0, 0.0, -0.3333333333333333, -1.0)": -0.6808099421471105, "(0.6666666666666666, 0.0, 1.0, 0.0, 0.0, -1.0)": -0.6810725213302202, "(0.6666666666666666, 0.0, 1.0, 0.0, 0.3333333333333333, -1.0)": -0.6788469949095415, "(0.6666666666666666, 0.0, 1.0, 0.0, 0.6666666666666666, -1.0)": -0.6734401976734201, "(0.6666666666666666, 0.0, 1.0, 0.0, 1.0, -1.0)": -0.6654528478987647, "(0.6666666666666666, 0.0, 0.0, 1.0, -1.0, -1.0)": -0.8316999998025363, "(0.6666666666666666, 0.0, 0.0, 1.0, -0.6666666666666666, -1.0)": -0.6394747648978445, "(0.6666666666666666, 0.0, 0.0, 1.0, -0.3333333333333333, -1.0)": -0.6232080358553294, "(0.6666666666666666, 0.0, 0.0, 1.0, 0.0, -1.0)": -0.6175003191232884, "(0.6666666666666666, 0.0, 0.0, 1.0, 0.3333333333333333, -1.0)": -0.6193642552547605, "(0.6666666666666666, 0.0, 0.0, 1.0, 0.6666666666666666, -1.0)": -0.734399999872025, "(0.6666666666666666, 0.0, 0.0, 1.0, 1.0, -1.0)": -0.6016659944997915, "(1.0, 1.0, 0.0, 0.0, -1.0, -1.0)": -0.41960000021954347, "(1.0, 1.0, 0.0, 0.0, -0.6666666666666666, -1.0)": -0.6459334315294818, "(1.0, 1.0, 0.0, 0.0, -0.3333333333333333, -1.0)": -0.6916816521683424, "(1.0, 1.0, 0.0, 0.0, 0.0, -1.0)": -0.9999999996962998, "(1.0, 1.0, 0.0, 0.0, 0.3333333333333333, -1.0)": -0.7239995654303746, "(1.0, 1.0, 0.0, 0.0, 0.6666666666666666, -1.0)": -0.8732999998307456, "(1.0, 1.0, 0.0, 0.0, 1.0, -1.0)": -0.8710599998143014, "(1.0, 0.0, 1.0, 0.0, -1.0, -1.0)": -0.7377999999509921, "(1.0, 0.0, 1.0, 0.0, -0.6666666666666666, -1.0)": -0.6950833058423704, "(1.0, 0.0, 1.0, 0.0, -0.3333333333333333, -1.0)": -0.6958206625577938, "(1.0, 0.0, 1.0, 0.0, 0.0, -1.0)": -0.7005584102081972, "(1.0, 0.0, 1.0, 0.0, 0.3333333333333333, -1.0)": -0.7779999999163847, "(1.0, 0.0, 1.0, 0.0, 0.6666666666666666, -1.0)": -0.6909421945593426, "(1.0, 0.0, 1.0, 0.0, 1.0, -1.0)": -0.6761965640489551, "(1.0, 0.0, 0.0, 1.0, -1.0, -1.0)": -0.6442264488186824, "(1.0, 0.0, 0.0, 1.0, -0.6666666666666666, -1.0)": -0.6455511705663515, "(1.0, 0.0, 0.0, 1.0, -0.3333333333333333, -1.0)": -0.647691881069747, "(1.0, 0.0, 0.0, 1.0, 0.0, -1.0)": -0.6576682784715349, "(1.0, 0.0, 0.0, 1.0, 0.3333333333333333, -1.0)": -0.8544999997871221, "(1.0, 0.0, 0.0, 1.0, 0.6666666666666666, -1.0)": -0.6102000000302139, "(1.0, 0.0, 0.0, 1.0, 1.0, -1.0)": -0.6130820607775407, "(0.3333333333333333, 1.0, 0.0, 0.0, -1.0, 1.0)": -0.6467999999495264, "(0.3333333333333333, 1.0, 0.0, 0.0, -0.6666666666666666, 1.0)": -0.5694846293384375, "(0.3333333333333333, 1.0, 0.0, 0.0, -0.3333333333333333, 1.0)": -0.5180143425215062, "(0.3333333333333333, 1.0, 0.0, 0.0, 0.0, 1.0)": -0.1750333336807266, "(0.3333333333333333, 1.0, 0.0, 0.0, 0.3333333333333333, 1.0)": -0.7981928568242553, "(0.3333333333333333, 1.0, 0.0, 0.0, 0.6666666666666666, 1.0)": -0.503088137689419, "(0.3333333333333333, 1.0, 0.0, 0.0, 1.0, 1.0)": -0.48499478122910755, "(0.3333333333333333, 0.0, 1.0, 0.0, -1.0, 1.0)": -0.7952999998706165, "(0.3333333333333333, 0.0, 1.0, 0.0, -0.6666666666666666, 1.0)": -0.6783102076510152, "(0.3333333333333333, 0.0, 1.0, 0.0, -0.3333333333333333, 1.0)": -0.6819937684866488, "(0.3333333333333333, 0.0, 1.0, 0.0, 0.0, 1.0)": -0.705907987356305, "(0.3333333333333333, 0.0, 1.0, 0.0, 0.3333333333333333, 1.0)": -0.9999999996991686, "(0.3333333333333333, 0.0, 1.0, 0.0, 0.6666666666666666, 1.0)": -0.6476500000846555, "(0.3333333333333333, 0.0, 1.0, 0.0, 1.0, 1.0)": -0.9999999996893489, "(0.3333333333333333, 0.0, 0.0, 1.0, -1.0, 1.0)": 0.29989999927021227, "(0.3333333333333333, 0.0, 0.0, 1.0, -0.6666666666666666, 1.0)": -0.39923538086512256, "(0.3333333333333333, 0.0, 0.0, 1.0, -0.3333333333333333, 1.0)": -0.4518867461541314, "(0.3333333333333333, 0.0, 0.0, 1.0, 0.0, 1.0)": -0.47782387590836173, "(0.3333333333333333, 0.0, 0.0, 1.0, 0.3333333333333333, 1.0)": -0.6789999997789558, "(0.3333333333333333, 0.0, 0.0, 1.0, 0.6666666666666666, 1.0)": -0.28080000018345963, "(0.3333333333333333, 0.0, 0.0, 1.0, 1.0, 1.0)": -0.31690000013501063, "(0.6666666666666666, 1.0, 0.0, 0.0, -1.0, 1.0)": -0.9258999997566031, "(0.6666666666666666, 1.0, 0.0, 0.0, -0.6666666666666666, 1.0)": -0.9416999996997681, "(0.6666666666666666, 1.0, 0.0, 0.0, -0.3333333333333333, 1.0)": -0.5617620041132714, "(0.6666666666666666, 1.0, 0.0, 0.0, 0.0, 1.0)": -0.05465000045306212, "(0.6666666666666666, 1.0, 0.0, 0.0, 0.3333333333333333, 1.0)": -0.4415256489281303, "(0.6666666666666666, 1.0, 0.0, 0.0, 0.6666666666666666, 1.0)": -0.43139999997464695, "(0.6666666666666666, 1.0, 0.0, 0.0, 1.0, 1.0)": 0.21849999934982556, "(0.6666666666666666, 0.0, 1.0, 0.0, -1.0, 1.0)": -0.6690865092594747, "(0.6666666666666666, 0.0, 1.0, 0.0, -0.6666666666666666, 1.0)": -0.6729778518469276, "(0.6666666666666666, 0.0, 1.0, 0.0, -0.3333333333333333, 1.0)": -0.6765855128842801, "(0.6666666666666666, 0.0, 1.0, 0.0, 0.0, 1.0)": -0.6802861101365165, "(0.6666666666666666, 0.0, 1.0, 0.0, 0.3333333333333333, 1.0)": -0.6566600000327698, "(0.6666666666666666, 0.0, 1.0, 0.0, 0.6666666666666666, 1.0)": -0.7746999999062405, "(0.6666666666666666, 0.0, 1.0, 0.0, 1.0, 1.0)": -0.6762294493978418, "(0.6666666666666666, 0.0, 0.0, 1.0, -1.0, 1.0)": -0.7189499998117812, "(0.6666666666666666, 0.0, 0.0, 1.0, -0.6666666666666666, 1.0)": -0.5237984608105029, "(0.6666666666666666, 0.0, 0.0, 1.0, -0.3333333333333333, 1.0)": -0.4811000000146093, "(0.6666666666666666, 0.0, 0.0, 1.0, 0.0, 1.0)": -0.459748962367736, "(0.6666666666666666, 0.0, 0.0, 1.0, 0.3333333333333333, 1.0)": -0.1944000002565156, "(0.6666666666666666, 0.0, 0.0, 1.0, 0.6666666666666666, 1.0)": -0.4278323185081243,