{"(0.3333333333333333, 1.0, 0.0, 0.0, -1.0, -1.0)": 0.435517219530846, "(0.3333333333333333, 1.0, 0.0, 0.0, -0.6666666666666666, -1.0)": 0.4435633687023348, "(0.3333333333333333, 1.0, 0.0, 0.0, -0.3333333333333333, -1.0)": 0.45456589462642316, "(0.3333333333333333, 1.0, 0.0, 0.0, 0.0, -1.0)": 0.46999270477294597, "(0.3333333333333333, 1.0, 0.0, 0.0, 0.3333333333333333, -1.0)": 0.6956999998631406, "(0.3333333333333333, 1.0, 0.0, 0.0, 0.6666666666666666, -1.0)": 0.4798251938926237, "(0.3333333333333333, 1.0, 0.0, 0.0, 1.0, -1.0)": 0.47700117605104575, "(0.3333333333333333, 0.0, 1.0, 0.0, -1.0, -1.0)": 0.4271655638869157, "(0.3333333333333333, 0.0, 1.0, 0.0, -0.6666666666666666, -1.0)": 0.4279727935757037, "(0.3333333333333333, 0.0, 1.0, 0.0, -0.3333333333333333, -1.0)": 0.428485725621137, "(0.3333333333333333, 0.0, 1.0, 0.0, 0.0, -1.0)": 0.42948376896958973, "(0.3333333333333333, 0.0, 1.0, 0.0, 0.3333333333333333, -1.0)": 0.43263660883783583, "(0.3333333333333333, 0.0, 1.0, 0.0, 0.6666666666666666, -1.0)": 0.4390540498299921, "(0.3333333333333333, 0.0, 1.0, 0.0, 1.0, -1.0)": 0.44735829588813136, "(0.3333333333333333, 0.0, 0.0, 1.0, -1.0, -1.0)": 0.48938911672120444, "(0.3333333333333333, 0.0, 0.0, 1.0, -0.6666666666666666, -1.0)": 0.4933116726983148, "(0.3333333333333333, 0.0, 0.0, 1.0, -0.3333333333333333, -1.0)": 0.49546119310458964, "(0.3333333333333333, 0.0, 0.0, 1.0, 0.0, -1.0)": 0.4970122732720505, "(0.3333333333333333, 0.0, 0.0, 1.0, 0.3333333333333333, -1.0)": 0.4984524306550636, "(0.3333333333333333, 0.0, 0.0, 1.0, 0.6666666666666666, -1.0)": 0.49979907359964537, "(0.3333333333333333, 0.0, 0.0, 1.0, 1.0, -1.0)": 0.5008763680268636, "(0.6666666666666666, 1.0, 0.0, 0.0, -1.0, -1.0)": 0.44962340288698877, "(0.6666666666666666, 1.0, 0.0, 0.0, -0.6666666666666666, -1.0)": 0.4896999999796833, "(0.6666666666666666, 1.0, 0.0, 0.0, -0.3333333333333333, -1.0)": 0.4645075091888502, "(0.6666666666666666, 1.0, 0.0, 0.0, 0.0, -1.0)": 0.46589236299928916, "(0.6666666666666666, 1.0, 0.0, 0.0, 0.3333333333333333, -1.0)": 0.4536129239553637, "(0.6666666666666666, 1.0, 0.0, 0.0, 0.6666666666666666, -1.0)": -0.04009999969094788, "(0.6666666666666666, 1.0, 0.0, 0.0, 1.0, -1.0)": 0.4607238609753941, "(0.6666666666666666, 0.0, 1.0, 0.0, -1.0, -1.0)": 0.6611999998726695, "(0.6666666666666666, 0.0, 1.0, 0.0, -0.6666666666666666, -1.0)": 0.45303401656262526, "(0.6666666666666666, 0.0, 1.0, 0.0, -0.3333333333333333, -1.0)": 0.4389775564275592, "(0.6666666666666666, 0.0, 1.0, 0.0, 0.0, -1.0)": 0.42127555540692385, "(0.6666666666666666, 0.0, 1.0, 0.0, 0.3333333333333333, -1.0)": -0.004299999734587473, "(0.6666666666666666, 0.0, 1.0, 0.0, 0.6666666666666666, -1.0)": 0.4266416971093343, "(0.6666666666666666, 0.0, 1.0, 0.0, 1.0, -1.0)": 0.4468684378053883, "(0.6666666666666666, 0.0, 0.0, 1.0, -1.0, -1.0)": 0.8718999997797231, "(0.6666666666666666, 0.0, 0.0, 1.0, -0.6666666666666666, -1.0)": 0.518061741553935, "(0.6666666666666666, 0.0, 0.0, 1.0, -0.3333333333333333, -1.0)": 0.502333319911787, "(0.6666666666666666, 0.0, 0.0, 1.0, 0.0, -1.0)": 0.4926104989302556, "(0.6666666666666666, 0.0, 0.0, 1.0, 0.3333333333333333, -1.0)": 0.485381311045448, "(0.6666666666666666, 0.0, 0.0, 1.0, 0.6666666666666666, -1.0)": 0.4822111912785859, "(0.6666666666666666, 0.0, 0.0, 1.0, 1.0, -1.0)": 0.48458003671746896, "(1.0, 1.0, 0.0, 0.0, -1.0, -1.0)": 0.1356250001931513, "(1.0, 1.0, 0.0, 0.0, -0.6666666666666666, -1.0)": 0.45542267428957867, "(1.0, 1.0, 0.0, 0.0, -0.3333333333333333, -1.0)": 0.47873055623691274, "(1.0, 1.0, 0.0, 0.0, 0.0, -1.0)": 0.4995280400693646, "(1.0, 1.0, 0.0, 0.0, 0.3333333333333333, -1.0)": 0.7736999998326732, "(1.0, 1.0, 0.0, 0.0, 0.6666666666666666, -1.0)": 0.3733000000902036, "(1.0, 1.0, 0.0, 0.0, 1.0, -1.0)": 0.7811333331665278, "(1.0, 0.0, 1.0, 0.0, -1.0, -1.0)": 0.7332999998344829, "(1.0, 0.0, 1.0, 0.0, -0.6666666666666666, -1.0)": 0.21470000015699067, "(1.0, 0.0, 1.0, 0.0, -0.3333333333333333, -1.0)": 0.45853098381345025, "(1.0, 0.0, 1.0, 0.0, 0.0, -1.0)": 0.46806219546905725, "(1.0, 0.0, 1.0, 0.0, 0.3333333333333333, -1.0)": 0.4813241897725542, "(1.0, 0.0, 1.0, 0.0, 0.6666666666666666, -1.0)": 0.8647499997554859, "(1.0, 0.0, 1.0, 0.0, 1.0, -1.0)": 0.10010000023244303, "(1.0, 0.0, 0.0, 1.0, -1.0, -1.0)": 0.4967484799073024, "(1.0, 0.0, 0.0, 1.0, -0.6666666666666666, -1.0)": 0.49386410297107075, "(1.0, 0.0, 0.0, 1.0, -0.3333333333333333, -1.0)": 0.4849465819739326, "(1.0, 0.0, 0.0, 1.0, 0.0, -1.0)": 0.4677129004320943, "(1.0, 0.0, 0.0, 1.0, 0.3333333333333333, -1.0)": 0.43229289882463734, "(1.0, 0.0, 0.0, 1.0, 0.6666666666666666, -1.0)": -0.36029999950951097, "(1.0, 0.0, 0.0, 1.0, 1.0, -1.0)": 0.43134199506288345, "(0.3333333333333333, 1.0, 0.0, 0.0, -1.0, 1.0)": -0.8536999992532897, "(0.3333333333333333, 1.0, 0.0, 0.0, -0.6666666666666666, 1.0)": 0.36415004213773206, "(0.3333333333333333, 1.0, 0.0, 0.0, -0.3333333333333333, 1.0)": 0.4300183387736338, "(0.3333333333333333, 1.0, 0.0, 0.0, 0.0, 1.0)": 0.46926452295855003, "(0.3333333333333333, 1.0, 0.0, 0.0, 0.3333333333333333, 1.0)": 0.5536153845771985, "(0.3333333333333333, 1.0, 0.0, 0.0, 0.6666666666666666, 1.0)": 0.5056179724190388, "(0.3333333333333333, 1.0, 0.0, 0.0, 1.0, 1.0)": 0.5103469300192736, "(0.3333333333333333, 0.0, 1.0, 0.0, -1.0, 1.0)": -0.8444999992549262, "(0.3333333333333333, 0.0, 1.0, 0.0, -0.6666666666666666, 1.0)": 0.870299999687249, "(0.3333333333333333, 0.0, 1.0, 0.0, -0.3333333333333333, 1.0)": 0.4258157332661413, "(0.3333333333333333, 0.0, 1.0, 0.0, 0.0, 1.0)": 0.4363245968857776, "(0.3333333333333333, 0.0, 1.0, 0.0, 0.3333333333333333, 1.0)": 0.4805999999753965, "(0.3333333333333333, 0.0, 1.0, 0.0, 0.6666666666666666, 1.0)": 0.26217500011791983, "(0.3333333333333333, 0.0, 1.0, 0.0, 1.0, 1.0)": 0.4607247727927666, "(0.3333333333333333, 0.0, 0.0, 1.0, -1.0, 1.0)": 0.37090000007749113, "(0.3333333333333333, 0.0, 0.0, 1.0, -0.6666666666666666, 1.0)": 0.6063999999458346, "(0.3333333333333333, 0.0, 0.0, 1.0, -0.3333333333333333, 1.0)": 0.7434999998752008, "(0.3333333333333333, 0.0, 0.0, 1.0, 0.0, 1.0)": 0.5633424810854927, "(0.3333333333333333, 0.0, 0.0, 1.0, 0.3333333333333333, 1.0)": 0.7068666665834259, "(0.3333333333333333, 0.0, 0.0, 1.0, 0.6666666666666666, 1.0)": 0.6160999999823834, "(0.3333333333333333, 0.0, 0.0, 1.0, 1.0, 1.0)": 0.8463333331699706, "(0.6666666666666666, 1.0, 0.0, 0.0, -1.0, 1.0)": 0.9971999996812698, "(0.6666666666666666, 1.0, 0.0, 0.0, -0.6666666666666666, 1.0)": 0.5057202820379616, "(0.6666666666666666, 1.0, 0.0, 0.0, -0.3333333333333333, 1.0)": 0.5192018257067822, "(0.6666666666666666, 1.0, 0.0, 0.0, 0.0, 1.0)": 0.7930555553947922, "(0.6666666666666666, 1.0, 0.0, 0.0, 0.3333333333333333, 1.0)": 0.5277000000150821, "(0.6666666666666666, 1.0, 0.0, 0.0, 0.6666666666666666, 1.0)": 0.6744937499226842, "(0.6666666666666666, 1.0, 0.0, 0.0, 1.0, 1.0)": 0.5489953113328753, "(0.6666666666666666, 0.0, 1.0, 0.0, -1.0, 1.0)": 0.4201088127843524, "(0.6666666666666666, 0.0, 1.0, 0.0, -0.6666666666666666, 1.0)": 0.4352437205441387, "(0.6666666666666666, 0.0, 1.0, 0.0, -0.3333333333333333, 1.0)": 0.4524628292525623, "(0.6666666666666666, 0.0, 1.0, 0.0, 0.0, 1.0)": 0.46299315293722193, "(0.6666666666666666, 0.0, 1.0, 0.0, 0.3333333333333333, 1.0)": 0.26385000013259713, "(0.6666666666666666, 0.0, 1.0, 0.0, 0.6666666666666666, 1.0)": 0.48634839982992706, "(0.6666666666666666, 0.0, 1.0, 0.0, 1.0, 1.0)": 0.49886405638685666, "(0.6666666666666666, 0.0, 0.0, 1.0, -1.0, 1.0)": 0.5106027365961847, "(0.6666666666666666, 0.0, 0.0, 1.0, -0.6666666666666666, 1.0)": 0.5248776498556762, "(0.6666666666666666, 0.0, 0.0, 1.0, -0.3333333333333333, 1.0)": 0.458600000053474, "(0.6666666666666666, 0.0, 0.0, 1.0, 0.0, 1.0)": 0.5669072099205394, "(0.6666666666666666, 0.0, 0.0, 1.0, 0.3333333333333333, 1.0)": 0.6921999999349904, "(0.6666666666666666, 0.0, 0.0, 1.0, 0.6666666666666666, 1.0)": 0.6435499999756273, "(0.6666666666666666, 0.0, 0.0, 1.0, 1.0, 1.0)": 0.8740999998290828,