{"(0.3333333333333333, 1.0, 0.0, 0.0, -1.0)": 1.0000855248858286e-05, "(0.3333333333333333, 1.0, 0.0, 0.0, -0.6666666666666666)": 0.2714382291354197, "(0.3333333333333333, 1.0, 0.0, 0.0, -0.3333333333333333)": 0.2713868917611553, "(0.3333333333333333, 1.0, 0.0, 0.0, 0.0)": 1.0000450043899853e-05, "(0.3333333333333333, 1.0, 0.0, 0.0, 0.3333333333333333)": 1.0001249336562466e-05, "(0.3333333333333333, 1.0, 0.0, 0.0, 0.6666666666666666)": 0.28165484408411684, "(0.3333333333333333, 1.0, 0.0, 0.0, 1.0)": 0.31967375123701275, "(0.3333333333333333, 0.0, 1.0, 0.0, -1.0)": 1.0001282639037152e-05, "(0.3333333333333333, 0.0, 1.0, 0.0, -0.6666666666666666)": 0.28043982502813647, "(0.3333333333333333, 0.0, 1.0, 0.0, -0.3333333333333333)": 0.3045853549341158, "(0.3333333333333333, 0.0, 1.0, 0.0, 0.0)": 0.2788254580732187, "(0.3333333333333333, 0.0, 1.0, 0.0, 0.3333333333333333)": 1.000122713485107e-05, "(0.3333333333333333, 0.0, 1.0, 0.0, 0.6666666666666666)": 1.0000966261050259e-05, "(0.3333333333333333, 0.0, 1.0, 0.0, 1.0)": 1.0001099474054075e-05, "(0.3333333333333333, 0.0, 0.0, 1.0, -1.0)": 1.0000627670012286e-05, "(0.3333333333333333, 0.0, 0.0, 1.0, -0.6666666666666666)": 0.2772155732033832, "(0.3333333333333333, 0.0, 0.0, 1.0, -0.3333333333333333)": 0.30054835355529724, "(0.3333333333333333, 0.0, 0.0, 1.0, 0.0)": 0.27680521827854043, "(0.3333333333333333, 0.0, 0.0, 1.0, 0.3333333333333333)": 1.0000916305716362e-05, "(0.3333333333333333, 0.0, 0.0, 1.0, 0.6666666666666666)": 1.0000949609300018e-05, "(0.3333333333333333, 0.0, 0.0, 1.0, 1.0)": 1.0000816394299972e-05, "(0.6666666666666666, 1.0, 0.0, 0.0, -1.0)": 1.0001021766684153e-05, "(0.6666666666666666, 1.0, 0.0, 0.0, -0.6666666666666666)": 1.0001304840625337e-05, "(0.6666666666666666, 1.0, 0.0, 0.0, -0.3333333333333333)": 0.24904591388686229, "(0.6666666666666666, 1.0, 0.0, 0.0, 0.0)": 1.0000672076047442e-05, "(0.6666666666666666, 1.0, 0.0, 0.0, 0.3333333333333333)": 0.24861197342249164, "(0.6666666666666666, 1.0, 0.0, 0.0, 0.6666666666666666)": 1.000117163035695e-05, "(0.6666666666666666, 1.0, 0.0, 0.0, 1.0)": 1.0000744235434035e-05, "(0.6666666666666666, 0.0, 1.0, 0.0, -1.0)": 0.3209746094643963, "(0.6666666666666666, 0.0, 1.0, 0.0, -0.6666666666666666)": 0.31713213537948853, "(0.6666666666666666, 0.0, 1.0, 0.0, -0.3333333333333333)": 0.30954439585631977, "(0.6666666666666666, 0.0, 1.0, 0.0, 0.0)": 0.27767676940381836, "(0.6666666666666666, 0.0, 1.0, 0.0, 0.3333333333333333)": 1.0001077272009993e-05, "(0.6666666666666666, 0.0, 1.0, 0.0, 0.6666666666666666)": 1.0000788640951611e-05, "(0.6666666666666666, 0.0, 1.0, 0.0, 1.0)": 0.28016786979880637, "(0.6666666666666666, 0.0, 0.0, 1.0, -1.0)": 1.0000988463340783e-05, "(0.6666666666666666, 0.0, 0.0, 1.0, -0.6666666666666666)": 0.25019311832565067, "(0.6666666666666666, 0.0, 0.0, 1.0, -0.3333333333333333)": 1.0000916305716362e-05, "(0.6666666666666666, 0.0, 0.0, 1.0, 0.0)": 0.24934133961132457, "(0.6666666666666666, 0.0, 0.0, 1.0, 0.3333333333333333)": 1.0000888552645266e-05, "(0.6666666666666666, 0.0, 0.0, 1.0, 0.6666666666666666)": 1.0000844147571315e-05, "(0.6666666666666666, 0.0, 0.0, 1.0, 1.0)": 0.2801363954554168, "(1.0, 1.0, 0.0, 0.0, -1.0)": 1.0000905204497165e-05, "(1.0, 1.0, 0.0, 0.0, -0.6666666666666666)": 0.271530987206696, "(1.0, 1.0, 0.0, 0.0, -0.3333333333333333)": 0.2714465489958531, "(1.0, 1.0, 0.0, 0.0, 0.0)": 1.0000760887526231e-05, "(1.0, 1.0, 0.0, 0.0, 0.3333333333333333)": 0.24998433313099697, "(1.0, 1.0, 0.0, 0.0, 0.6666666666666666)": 1.0001099474054075e-05, "(1.0, 1.0, 0.0, 0.0, 1.0)": 1.0000905204497165e-05, "(1.0, 0.0, 1.0, 0.0, -1.0)": 1.0001099474054075e-05, "(1.0, 0.0, 1.0, 0.0, -0.6666666666666666)": 0.2806128096276639, "(1.0, 0.0, 1.0, 0.0, -0.3333333333333333)": 0.3048268098092622, "(1.0, 0.0, 1.0, 0.0, 0.0)": 0.2790155396028249, "(1.0, 0.0, 1.0, 0.0, 0.3333333333333333)": 1.0001243786139236e-05, "(1.0, 0.0, 1.0, 0.0, 0.6666666666666666)": 1.0000949609300018e-05, "(1.0, 0.0, 1.0, 0.0, 1.0)": 0.2864054634448103, "(1.0, 0.0, 0.0, 1.0, -1.0)": 0.3365308029419113, "(1.0, 0.0, 0.0, 1.0, -0.6666666666666666)": 0.3281964734439865, "(1.0, 0.0, 0.0, 1.0, -0.3333333333333333)": 0.31572077772359336, "(1.0, 0.0, 0.0, 1.0, 0.0)": 0.2808355251673322, "(1.0, 0.0, 0.0, 1.0, 0.3333333333333333)": 1.0000816394299972e-05, "(1.0, 0.0, 0.0, 1.0, 0.6666666666666666)": 1.0001249336562466e-05, "(1.0, 0.0, 0.0, 1.0, 1.0)": 0.28641727778899223}