{"(0.3333333333333333, 1.0, 0.0, 0.0, -1.0, -1.0)": 0.35808317658525185, "(0.3333333333333333, 1.0, 0.0, 0.0, -0.6666666666666666, -1.0)": 0.355801347043508, "(0.3333333333333333, 1.0, 0.0, 0.0, -0.3333333333333333, -1.0)": 0.35295213532575975, "(0.3333333333333333, 1.0, 0.0, 0.0, 0.0, -1.0)": 0.3472822529695866, "(0.3333333333333333, 1.0, 0.0, 0.0, 0.3333333333333333, -1.0)": 1.0000000413701846e-05, "(0.3333333333333333, 1.0, 0.0, 0.0, 0.6666666666666666, -1.0)": 0.34806650880227646, "(0.3333333333333333, 1.0, 0.0, 0.0, 1.0, -1.0)": 0.35469440741636016, "(0.3333333333333333, 0.0, 1.0, 0.0, -1.0, -1.0)": 0.36120054691978987, "(0.3333333333333333, 0.0, 1.0, 0.0, -0.6666666666666666, -1.0)": 0.35987592549323766, "(0.3333333333333333, 0.0, 1.0, 0.0, -0.3333333333333333, -1.0)": 0.35895497834614915, "(0.3333333333333333, 0.0, 1.0, 0.0, 0.0, -1.0)": 0.3584462526938137, "(0.3333333333333333, 0.0, 1.0, 0.0, 0.3333333333333333, -1.0)": 0.35842664460625107, "(0.3333333333333333, 0.0, 1.0, 0.0, 0.6666666666666666, -1.0)": 0.35900000036395446, "(0.3333333333333333, 0.0, 1.0, 0.0, 1.0, -1.0)": 0.36020858866638905, "(0.3333333333333333, 0.0, 0.0, 1.0, -1.0, -1.0)": 0.35707687352253686, "(0.3333333333333333, 0.0, 0.0, 1.0, -0.6666666666666666, -1.0)": 0.355931659172838, "(0.3333333333333333, 0.0, 0.0, 1.0, -0.3333333333333333, -1.0)": 0.35536574083432493, "(0.3333333333333333, 0.0, 0.0, 1.0, 0.0, -1.0)": 0.3549301324330847, "(0.3333333333333333, 0.0, 0.0, 1.0, 0.3333333333333333, -1.0)": 0.35468681167921606, "(0.3333333333333333, 0.0, 0.0, 1.0, 0.6666666666666666, -1.0)": 0.3551572561091025, "(0.3333333333333333, 0.0, 0.0, 1.0, 1.0, -1.0)": 0.35677416288674746, "(0.6666666666666666, 1.0, 0.0, 0.0, -1.0, -1.0)": 0.35319288957161427, "(0.6666666666666666, 1.0, 0.0, 0.0, -0.6666666666666666, -1.0)": 0.3512438657881363, "(0.6666666666666666, 1.0, 0.0, 0.0, -0.3333333333333333, -1.0)": 0.34966732302603315, "(0.6666666666666666, 1.0, 0.0, 0.0, 0.0, -1.0)": 0.34837785452979286, "(0.6666666666666666, 1.0, 0.0, 0.0, 0.3333333333333333, -1.0)": 0.3479057010025641, "(0.6666666666666666, 1.0, 0.0, 0.0, 0.6666666666666666, -1.0)": 0.3487059669296693, "(0.6666666666666666, 1.0, 0.0, 0.0, 1.0, -1.0)": 0.3508815162232625, "(0.6666666666666666, 0.0, 1.0, 0.0, -1.0, -1.0)": 0.3564183631054366, "(0.6666666666666666, 0.0, 1.0, 0.0, -0.6666666666666666, -1.0)": 0.35506185507663196, "(0.6666666666666666, 0.0, 1.0, 0.0, -0.3333333333333333, -1.0)": 0.35422565263939404, "(0.6666666666666666, 0.0, 1.0, 0.0, 0.0, -1.0)": 0.35361732975576604, "(0.6666666666666666, 0.0, 1.0, 0.0, 0.3333333333333333, -1.0)": 0.3536158615459129, "(0.6666666666666666, 0.0, 1.0, 0.0, 0.6666666666666666, -1.0)": 0.354695911121819, "(0.6666666666666666, 0.0, 1.0, 0.0, 1.0, -1.0)": 0.3566786094382809, "(0.6666666666666666, 0.0, 0.0, 1.0, -1.0, -1.0)": 1.0000000413701846e-05, "(0.6666666666666666, 0.0, 0.0, 1.0, -0.6666666666666666, -1.0)": 0.3458560963967731, "(0.6666666666666666, 0.0, 0.0, 1.0, -0.3333333333333333, -1.0)": 0.34888180600240887, "(0.6666666666666666, 0.0, 0.0, 1.0, 0.0, -1.0)": 0.347836179860684, "(0.6666666666666666, 0.0, 0.0, 1.0, 0.3333333333333333, -1.0)": 0.34332292352541793, "(0.6666666666666666, 0.0, 0.0, 1.0, 0.6666666666666666, -1.0)": 1.000001151592547e-05, "(0.6666666666666666, 0.0, 0.0, 1.0, 1.0, -1.0)": 0.346026694645347, "(1.0, 1.0, 0.0, 0.0, -1.0, -1.0)": 1.0000000413701846e-05, "(1.0, 1.0, 0.0, 0.0, -0.6666666666666666, -1.0)": 0.34385202225577355, "(1.0, 1.0, 0.0, 0.0, -0.3333333333333333, -1.0)": 0.34273437076801117, "(1.0, 1.0, 0.0, 0.0, 0.0, -1.0)": 1.000001151592547e-05, "(1.0, 1.0, 0.0, 0.0, 0.3333333333333333, -1.0)": 0.3377066735807125, "(1.0, 1.0, 0.0, 0.0, 0.6666666666666666, -1.0)": 1.0000005964815199e-05, "(1.0, 1.0, 0.0, 0.0, 1.0, -1.0)": 1.0000005964815199e-05, "(1.0, 0.0, 1.0, 0.0, -1.0, -1.0)": 9.999989311465896e-06, "(1.0, 0.0, 1.0, 0.0, -0.6666666666666666, -1.0)": 0.3476334751687786, "(1.0, 0.0, 1.0, 0.0, -0.3333333333333333, -1.0)": 0.3503403984674257, "(1.0, 0.0, 1.0, 0.0, 0.0, -1.0)": 0.3465790845397998, "(1.0, 0.0, 1.0, 0.0, 0.3333333333333333, -1.0)": 1.0000000413701846e-05, "(1.0, 0.0, 1.0, 0.0, 0.6666666666666666, -1.0)": 0.34832247585534787, "(1.0, 0.0, 1.0, 0.0, 1.0, -1.0)": 0.355099467854699, "(1.0, 0.0, 0.0, 1.0, -1.0, -1.0)": 0.355492701603466, "(1.0, 0.0, 0.0, 1.0, -0.6666666666666666, -1.0)": 0.3532194625489738, "(1.0, 0.0, 0.0, 1.0, -0.3333333333333333, -1.0)": 0.3503327543570734, "(1.0, 0.0, 0.0, 1.0, 0.0, -1.0)": 0.3440509647726439, "(1.0, 0.0, 0.0, 1.0, 0.3333333333333333, -1.0)": 1.0000000413701846e-05, "(1.0, 0.0, 0.0, 1.0, 0.6666666666666666, -1.0)": 1.0000000413701846e-05, "(1.0, 0.0, 0.0, 1.0, 1.0, -1.0)": 0.3455593704661925, "(0.3333333333333333, 1.0, 0.0, 0.0, -1.0, 1.0)": 1.0000000413701846e-05, "(0.3333333333333333, 1.0, 0.0, 0.0, -0.6666666666666666, 1.0)": 0.3409951037945392, "(0.3333333333333333, 1.0, 0.0, 0.0, -0.3333333333333333, 1.0)": 0.33976414228967616, "(0.3333333333333333, 1.0, 0.0, 0.0, 0.0, 1.0)": 1.0000005964815199e-05, "(0.3333333333333333, 1.0, 0.0, 0.0, 0.3333333333333333, 1.0)": 1.0000000413701846e-05, "(0.3333333333333333, 1.0, 0.0, 0.0, 0.6666666666666666, 1.0)": 0.34228733609710266, "(0.3333333333333333, 1.0, 0.0, 0.0, 1.0, 1.0)": 0.34922242069492015, "(0.3333333333333333, 0.0, 1.0, 0.0, -1.0, 1.0)": 1.0000000413701846e-05, "(0.3333333333333333, 0.0, 1.0, 0.0, -0.6666666666666666, 1.0)": 0.3458825039033805, "(0.3333333333333333, 0.0, 1.0, 0.0, -0.3333333333333333, 1.0)": 0.34749661875637, "(0.3333333333333333, 0.0, 1.0, 0.0, 0.0, 1.0)": 0.3423149275360013, "(0.3333333333333333, 0.0, 1.0, 0.0, 0.3333333333333333, 1.0)": 1.0000005964815199e-05, "(0.3333333333333333, 0.0, 1.0, 0.0, 0.6666666666666666, 1.0)": 1.0000000413701846e-05, "(0.3333333333333333, 0.0, 1.0, 0.0, 1.0, 1.0)": 1.000001151592547e-05, "(0.3333333333333333, 0.0, 0.0, 1.0, -1.0, 1.0)": 1.0000000413701846e-05, "(0.3333333333333333, 0.0, 0.0, 1.0, -0.6666666666666666, 1.0)": 0.34310540513551424, "(0.3333333333333333, 0.0, 0.0, 1.0, -0.3333333333333333, 1.0)": 0.3450508344296574, "(0.3333333333333333, 0.0, 0.0, 1.0, 0.0, 1.0)": 0.34089621881717813, "(0.3333333333333333, 0.0, 0.0, 1.0, 0.3333333333333333, 1.0)": 1.0000000413701846e-05, "(0.3333333333333333, 0.0, 0.0, 1.0, 0.6666666666666666, 1.0)": 9.999994862585412e-06, "(0.3333333333333333, 0.0, 0.0, 1.0, 1.0, 1.0)": 1.0000000413701846e-05, "(0.6666666666666666, 1.0, 0.0, 0.0, -1.0, 1.0)": 1.0000000413701846e-05, "(0.6666666666666666, 1.0, 0.0, 0.0, -0.6666666666666666, 1.0)": 1.0000000413701846e-05, "(0.6666666666666666, 1.0, 0.0, 0.0, -0.3333333333333333, 1.0)": 0.33416526096145616, "(0.6666666666666666, 1.0, 0.0, 0.0, 0.0, 1.0)": 1.0000005964815199e-05, "(0.6666666666666666, 1.0, 0.0, 0.0, 0.3333333333333333, 1.0)": 0.3340185883594821, "(0.6666666666666666, 1.0, 0.0, 0.0, 0.6666666666666666, 1.0)": 9.999994862585412e-06, "(0.6666666666666666, 1.0, 0.0, 0.0, 1.0, 1.0)": 1.000001151592547e-05, "(0.6666666666666666, 0.0, 1.0, 0.0, -1.0, 1.0)": 0.3534854240437082, "(0.6666666666666666, 0.0, 1.0, 0.0, -0.6666666666666666, 1.0)": 0.3508303515294879, "(0.6666666666666666, 0.0, 1.0, 0.0, -0.3333333333333333, 1.0)": 0.34744306089050664, "(0.6666666666666666, 0.0, 1.0, 0.0, 0.0, 1.0)": 0.34089084819148785, "(0.6666666666666666, 0.0, 1.0, 0.0, 0.3333333333333333, 1.0)": 9.999989311465896e-06, "(0.6666666666666666, 0.0, 1.0, 0.0, 0.6666666666666666, 1.0)": 1.0000005964815199e-05, "(0.6666666666666666, 0.0, 1.0, 0.0, 1.0, 1.0)": 0.3416525803167786, "(0.6666666666666666, 0.0, 0.0, 1.0, -1.0, 1.0)": 1.0000000413701846e-05, "(0.6666666666666666, 0.0, 0.0, 1.0, -0.6666666666666666, 1.0)": 0.33717782317432626, "(0.6666666666666666, 0.0, 0.0, 1.0, -0.3333333333333333, 1.0)": 9.999994862585412e-06, "(0.6666666666666666, 0.0, 0.0, 1.0, 0.0, 1.0)": 0.3353627407777214, "(0.6666666666666666, 0.0, 0.0, 1.0, 0.3333333333333333, 1.0)": 1.000001151592547e-05,