{"(0.3333333333333333, 1.0, 0.0, 0.0, 0.3333333333333333, -1)": 0.6957, "(0.6666666666666666, 1.0, 0.0, 0.0, -0.6666666666666666, -1)": 0.48969999999999997, "(0.6666666666666666, 1.0, 0.0, 0.0, 0.6666666666666666, -1)": -0.0401, "(0.6666666666666666, 0.0, 1.0, 0.0, -1.0, -1)": 0.6612, "(0.6666666666666666, 0.0, 1.0, 0.0, 0.3333333333333333, -1)": -0.0043, "(0.6666666666666666, 0.0, 0.0, 1.0, -1.0, -1)": 0.8719, "(1.0, 1.0, 0.0, 0.0, -1.0, -1)": 0.135625, "(1.0, 1.0, 0.0, 0.0, 0.3333333333333333, -1)": 0.7737, "(1.0, 1.0, 0.0, 0.0, 0.6666666666666666, -1)": 0.3733, "(1.0, 1.0, 0.0, 0.0, 1.0, -1)": 0.7811333333333333, "(1.0, 0.0, 1.0, 0.0, -1.0, -1)": 0.7333, "(1.0, 0.0, 1.0, 0.0, -0.6666666666666666, -1)": 0.2147, "(1.0, 0.0, 1.0, 0.0, 0.6666666666666666, -1)": 0.86475, "(1.0, 0.0, 1.0, 0.0, 1.0, -1)": 0.1001, "(1.0, 0.0, 0.0, 1.0, 0.6666666666666666, -1)": -0.3603, "(0.3333333333333333, 1.0, 0.0, 0.0, -1.0, 1)": -0.8537, "(0.3333333333333333, 1.0, 0.0, 0.0, 0.3333333333333333, 1)": 0.5536153846153846, "(0.3333333333333333, 0.0, 1.0, 0.0, -1.0, 1)": -0.8445, "(0.3333333333333333, 0.0, 1.0, 0.0, -0.6666666666666666, 1)": 0.8703, "(0.3333333333333333, 0.0, 1.0, 0.0, 0.3333333333333333, 1)": 0.4806, "(0.3333333333333333, 0.0, 1.0, 0.0, 0.6666666666666666, 1)": 0.262175, "(0.3333333333333333, 0.0, 0.0, 1.0, -1.0, 1)": 0.3709, "(0.3333333333333333, 0.0, 0.0, 1.0, -0.6666666666666666, 1)": 0.6064, "(0.3333333333333333, 0.0, 0.0, 1.0, -0.3333333333333333, 1)": 0.7435, "(0.3333333333333333, 0.0, 0.0, 1.0, 0.3333333333333333, 1)": 0.7068666666666666, "(0.3333333333333333, 0.0, 0.0, 1.0, 0.6666666666666666, 1)": 0.6161, "(0.3333333333333333, 0.0, 0.0, 1.0, 1.0, 1)": 0.8463333333333334, "(0.6666666666666666, 1.0, 0.0, 0.0, -1.0, 1)": 0.9972, "(0.6666666666666666, 1.0, 0.0, 0.0, 0.0, 1)": 0.7930555555555556, "(0.6666666666666666, 1.0, 0.0, 0.0, 0.3333333333333333, 1)": 0.5277, "(0.6666666666666666, 1.0, 0.0, 0.0, 0.6666666666666666, 1)": 0.67449375, "(0.6666666666666666, 0.0, 1.0, 0.0, 0.3333333333333333, 1)": 0.26385000000000003, "(0.6666666666666666, 0.0, 0.0, 1.0, -0.3333333333333333, 1)": 0.4586, "(0.6666666666666666, 0.0, 0.0, 1.0, 0.3333333333333333, 1)": 0.6922, "(0.6666666666666666, 0.0, 0.0, 1.0, 0.6666666666666666, 1)": 0.64355, "(0.6666666666666666, 0.0, 0.0, 1.0, 1.0, 1)": 0.8741, "(1.0, 1.0, 0.0, 0.0, 0.3333333333333333, 1)": 0.65935, "(1.0, 1.0, 0.0, 0.0, 0.6666666666666666, 1)": 0.7879, "(1.0, 1.0, 0.0, 0.0, 1.0, 1)": 0.6170199999999999, "(1.0, 0.0, 1.0, 0.0, -1.0, 1)": 0.28864999999999996, "(1.0, 0.0, 1.0, 0.0, 0.3333333333333333, 1)": 0.9998, "(1.0, 0.0, 1.0, 0.0, 0.6666666666666666, 1)": 0.8506, "(1.0, 0.0, 0.0, 1.0, 0.3333333333333333, 1)": 0.9554, "(1.0, 0.0, 0.0, 1.0, 0.6666666666666666, 1)": 0.6186}