{"(0.3333333333333333, 1.0, 0.0, 0.0, -1.0)": 1.0000000413701846e-05, "(0.3333333333333333, 1.0, 0.0, 0.0, -0.6666666666666666)": 0.27143837757514067, "(0.3333333333333333, 1.0, 0.0, 0.0, -0.3333333333333333)": 0.2713870328620497, "(0.3333333333333333, 1.0, 0.0, 0.0, 0.0)": 1.0000005964815199e-05, "(0.3333333333333333, 1.0, 0.0, 0.0, 0.3333333333333333)": 1.0000000413701846e-05, "(0.3333333333333333, 1.0, 0.0, 0.0, 0.6666666666666666)": 0.28165494030672833, "(0.3333333333333333, 1.0, 0.0, 0.0, 1.0)": 0.3196736234016864, "(0.3333333333333333, 0.0, 1.0, 0.0, -1.0)": 9.999994862585412e-06, "(0.3333333333333333, 0.0, 1.0, 0.0, -0.6666666666666666)": 0.2804399513043115, "(0.3333333333333333, 0.0, 1.0, 0.0, -0.3333333333333333)": 0.3045853123245468, "(0.3333333333333333, 0.0, 1.0, 0.0, 0.0)": 0.27882556790444685, "(0.3333333333333333, 0.0, 1.0, 0.0, 0.3333333333333333)": 9.999994862585412e-06, "(0.3333333333333333, 0.0, 1.0, 0.0, 0.6666666666666666)": 1.0000000413701846e-05, "(0.3333333333333333, 0.0, 1.0, 0.0, 1.0)": 1.0000000413701846e-05, "(0.3333333333333333, 0.0, 0.0, 1.0, -1.0)": 1.0000000413701846e-05, "(0.3333333333333333, 0.0, 0.0, 1.0, -0.6666666666666666)": 0.27721569813757363, "(0.3333333333333333, 0.0, 0.0, 1.0, -0.3333333333333333)": 0.3005483180035584, "(0.3333333333333333, 0.0, 0.0, 1.0, 0.0)": 0.2768053303910259, "(0.3333333333333333, 0.0, 0.0, 1.0, 0.3333333333333333)": 9.999994862585412e-06, "(0.3333333333333333, 0.0, 0.0, 1.0, 0.6666666666666666)": 1.0000005964815199e-05, "(0.3333333333333333, 0.0, 0.0, 1.0, 1.0)": 1.000001706703266e-05, "(0.6666666666666666, 1.0, 0.0, 0.0, -1.0)": 1.0000000413701846e-05, "(0.6666666666666666, 1.0, 0.0, 0.0, -0.6666666666666666)": 1.0000000413701846e-05, "(0.6666666666666666, 1.0, 0.0, 0.0, -0.3333333333333333)": 0.24904617066127285, "(0.6666666666666666, 1.0, 0.0, 0.0, 0.0)": 1.0000005964815199e-05, "(0.6666666666666666, 1.0, 0.0, 0.0, 0.3333333333333333)": 0.2486122297570147, "(0.6666666666666666, 1.0, 0.0, 0.0, 0.6666666666666666)": 1.0000000413701846e-05, "(0.6666666666666666, 1.0, 0.0, 0.0, 1.0)": 1.0000005964815199e-05, "(0.6666666666666666, 0.0, 1.0, 0.0, -1.0)": 0.3209744838434705, "(0.6666666666666666, 0.0, 1.0, 0.0, -0.6666666666666666)": 0.31713201432778293, "(0.6666666666666666, 0.0, 1.0, 0.0, -0.3333333333333333)": 0.3095443054026743, "(0.6666666666666666, 0.0, 1.0, 0.0, 0.0)": 0.2776768711108554, "(0.6666666666666666, 0.0, 1.0, 0.0, 0.3333333333333333)": 1.0000005964815199e-05, "(0.6666666666666666, 0.0, 1.0, 0.0, 0.6666666666666666)": 1.0000000413701846e-05, "(0.6666666666666666, 0.0, 1.0, 0.0, 1.0)": 0.28016796577678993, "(0.6666666666666666, 0.0, 0.0, 1.0, -1.0)": 1.0000000413701846e-05, "(0.6666666666666666, 0.0, 0.0, 1.0, -0.6666666666666666)": 0.2501933869470982, "(0.6666666666666666, 0.0, 0.0, 1.0, -0.3333333333333333)": 9.999989311465896e-06, "(0.6666666666666666, 0.0, 0.0, 1.0, 0.0)": 0.24934159871574987, "(0.6666666666666666, 0.0, 0.0, 1.0, 0.3333333333333333)": 1.000001706703266e-05, "(0.6666666666666666, 0.0, 0.0, 1.0, 0.6666666666666666)": 1.0000000413701846e-05, "(0.6666666666666666, 0.0, 0.0, 1.0, 1.0)": 0.28013649129039464, "(1.0, 1.0, 0.0, 0.0, -1.0)": 1.0000000413701846e-05, "(1.0, 1.0, 0.0, 0.0, -0.6666666666666666)": 0.2715311376302389, "(1.0, 1.0, 0.0, 0.0, -0.3333333333333333)": 0.2714466945084752, "(1.0, 1.0, 0.0, 0.0, 0.0)": 1.000001151592547e-05, "(1.0, 1.0, 0.0, 0.0, 0.3333333333333333)": 0.24998459623477287, "(1.0, 1.0, 0.0, 0.0, 0.6666666666666666)": 9.999994862585412e-06, "(1.0, 1.0, 0.0, 0.0, 1.0)": 9.999994862585412e-06, "(1.0, 0.0, 1.0, 0.0, -1.0)": 1.0000005964815199e-05, "(1.0, 0.0, 1.0, 0.0, -0.6666666666666666)": 0.28061293695160505, "(1.0, 0.0, 1.0, 0.0, -0.3333333333333333)": 0.3048267683090903, "(1.0, 0.0, 1.0, 0.0, 0.0)": 0.27901565070924805, "(1.0, 0.0, 1.0, 0.0, 0.3333333333333333)": 1.000001151592547e-05, "(1.0, 0.0, 1.0, 0.0, 0.6666666666666666)": 1.000001151592547e-05, "(1.0, 0.0, 1.0, 0.0, 1.0)": 0.28640554893534664, "(1.0, 0.0, 0.0, 1.0, -1.0)": 0.33653059588386824, "(1.0, 0.0, 0.0, 1.0, -0.6666666666666666)": 0.32819629876627604, "(1.0, 0.0, 0.0, 1.0, -0.3333333333333333)": 0.31572066518498965, "(1.0, 0.0, 0.0, 1.0, 0.0)": 0.2808356241290192, "(1.0, 0.0, 0.0, 1.0, 0.3333333333333333)": 9.999994862585412e-06, "(1.0, 0.0, 0.0, 1.0, 0.6666666666666666)": 1.0000000413701846e-05, "(1.0, 0.0, 0.0, 1.0, 1.0)": 0.2864173633250157}