{"(0.3333333333333333, 1.0, 0.0, 0.0, -1.0)": 0.9999999999347974, "(0.3333333333333333, 1.0, 0.0, 0.0, -0.6666666666666666)": 0.9894974193023, "(0.3333333333333333, 1.0, 0.0, 0.0, -0.3333333333333333)": 0.9908484331836225, "(0.3333333333333333, 1.0, 0.0, 0.0, 0.0)": 0.9999999999459851, "(0.3333333333333333, 1.0, 0.0, 0.0, 0.3333333333333333)": 0.933333333392711, "(0.3333333333333333, 1.0, 0.0, 0.0, 0.6666666666666666)": 0.9366471760001447, "(0.3333333333333333, 1.0, 0.0, 0.0, 1.0)": 0.9204626621744687, "(0.3333333333333333, 0.0, 1.0, 0.0, -1.0)": 0.9999999998298373, "(0.3333333333333333, 0.0, 1.0, 0.0, -0.6666666666666666)": 0.9431361175027355, "(0.3333333333333333, 0.0, 1.0, 0.0, -0.3333333333333333)": 0.9397708251664371, "(0.3333333333333333, 0.0, 1.0, 0.0, 0.0)": 0.9615161488267834, "(0.3333333333333333, 0.0, 1.0, 0.0, 0.3333333333333333)": 0.9999999999601412, "(0.3333333333333333, 0.0, 1.0, 0.0, 0.6666666666666666)": 0.9999999999830943, "(0.3333333333333333, 0.0, 1.0, 0.0, 1.0)": 0.99999999993836, "(0.3333333333333333, 0.0, 0.0, 1.0, -1.0)": 0.9999999998638216, "(0.3333333333333333, 0.0, 0.0, 1.0, -0.6666666666666666)": 0.962359920594436, "(0.3333333333333333, 0.0, 0.0, 1.0, -0.3333333333333333)": 0.9613932204155592, "(0.3333333333333333, 0.0, 0.0, 1.0, 0.0)": 0.9700447090666556, "(0.3333333333333333, 0.0, 0.0, 1.0, 0.3333333333333333)": 0.999999999925531, "(0.3333333333333333, 0.0, 0.0, 1.0, 0.6666666666666666)": 0.9999999999016354, "(0.3333333333333333, 0.0, 0.0, 1.0, 1.0)": 0.9999999998115218, "(0.6666666666666666, 1.0, 0.0, 0.0, -1.0)": 0.9999999998354339, "(0.6666666666666666, 1.0, 0.0, 0.0, -0.6666666666666666)": 0.9999999998975002, "(0.6666666666666666, 1.0, 0.0, 0.0, -0.3333333333333333)": 0.9574357691487134, "(0.6666666666666666, 1.0, 0.0, 0.0, 0.0)": 0.9999999998555031, "(0.6666666666666666, 1.0, 0.0, 0.0, 0.3333333333333333)": 0.9319535387891236, "(0.6666666666666666, 1.0, 0.0, 0.0, 0.6666666666666666)": 0.9999999998187998, "(0.6666666666666666, 1.0, 0.0, 0.0, 1.0)": 0.9999999997602491, "(0.6666666666666666, 0.0, 1.0, 0.0, -1.0)": 0.6622799020992676, "(0.6666666666666666, 0.0, 1.0, 0.0, -0.6666666666666666)": 0.7014072688264859, "(0.6666666666666666, 0.0, 1.0, 0.0, -0.3333333333333333)": 0.7635550235875891, "(0.6666666666666666, 0.0, 1.0, 0.0, 0.0)": 0.8530526934825764, "(0.6666666666666666, 0.0, 1.0, 0.0, 0.3333333333333333)": 0.9999999998370247, "(0.6666666666666666, 0.0, 1.0, 0.0, 0.6666666666666666)": 0.9999999999045271, "(0.6666666666666666, 0.0, 1.0, 0.0, 1.0)": 0.9280122934935316, "(0.6666666666666666, 0.0, 0.0, 1.0, -1.0)": 0.6666666668540594, "(0.6666666666666666, 0.0, 0.0, 1.0, -0.6666666666666666)": 0.8268395459472189, "(0.6666666666666666, 0.0, 0.0, 1.0, -0.3333333333333333)": 0.9999999997677154, "(0.6666666666666666, 0.0, 0.0, 1.0, 0.0)": 0.9365703937569915, "(0.6666666666666666, 0.0, 0.0, 1.0, 0.3333333333333333)": 0.9999999992625406, "(0.6666666666666666, 0.0, 0.0, 1.0, 0.6666666666666666)": 1.170920860271707e-09, "(0.6666666666666666, 0.0, 0.0, 1.0, 1.0)": 0.4091145747604821, "(1.0, 1.0, 0.0, 0.0, -1.0)": 0.5000000002254813, "(1.0, 1.0, 0.0, 0.0, -0.6666666666666666)": 0.6252533677503278, "(1.0, 1.0, 0.0, 0.0, -0.3333333333333333)": 0.688249207539249, "(1.0, 1.0, 0.0, 0.0, 0.0)": 0.7499999997547446, "(1.0, 1.0, 0.0, 0.0, 0.3333333333333333)": 0.4557306221157956, "(1.0, 1.0, 0.0, 0.0, 0.6666666666666666)": 7.382817690526622e-10, "(1.0, 1.0, 0.0, 0.0, 1.0)": 0.28571428582740177, "(1.0, 0.0, 1.0, 0.0, -1.0)": 6.054687029521943e-10, "(1.0, 0.0, 1.0, 0.0, -0.6666666666666666)": 0.3208505340748532, "(1.0, 0.0, 1.0, 0.0, -0.3333333333333333)": 0.47063814437499846, "(1.0, 0.0, 1.0, 0.0, 0.0)": 0.5313898445711157, "(1.0, 0.0, 1.0, 0.0, 0.3333333333333333)": 0.500000000408352, "(1.0, 0.0, 1.0, 0.0, 0.6666666666666666)": 0.9999999995003623, "(1.0, 0.0, 1.0, 0.0, 1.0)": 0.8545448033558234, "(1.0, 0.0, 0.0, 1.0, -1.0)": 0.6430634255613139, "(1.0, 0.0, 0.0, 1.0, -0.6666666666666666)": 0.647039520119692, "(1.0, 0.0, 0.0, 1.0, -0.3333333333333333)": 0.6383979446588226, "(1.0, 0.0, 0.0, 1.0, 0.0)": 0.5963192067641443, "(1.0, 0.0, 0.0, 1.0, 0.3333333333333333)": 0.5000000001019599, "(1.0, 0.0, 0.0, 1.0, 0.6666666666666666)": 0.5000000000176813, "(1.0, 0.0, 0.0, 1.0, 1.0)": 0.5176009720748806}