{"(0.3333333333333333, 1.0, 0.0, 0.0, -1.0, -1.0)": 0.4355172195308401, "(0.3333333333333333, 1.0, 0.0, 0.0, -0.6666666666666666, -1.0)": 0.44356336870233426, "(0.3333333333333333, 1.0, 0.0, 0.0, -0.3333333333333333, -1.0)": 0.4545658946264217, "(0.3333333333333333, 1.0, 0.0, 0.0, 0.0, -1.0)": 0.4699927047729432, "(0.3333333333333333, 1.0, 0.0, 0.0, 0.3333333333333333, -1.0)": 0.6956999998631391, "(0.3333333333333333, 1.0, 0.0, 0.0, 0.6666666666666666, -1.0)": 0.47982519389262046, "(0.3333333333333333, 1.0, 0.0, 0.0, 1.0, -1.0)": 0.47700117605104164, "(0.3333333333333333, 0.0, 1.0, 0.0, -1.0, -1.0)": 0.42716556388691596, "(0.3333333333333333, 0.0, 1.0, 0.0, -0.6666666666666666, -1.0)": 0.42797279357570045, "(0.3333333333333333, 0.0, 1.0, 0.0, -0.3333333333333333, -1.0)": 0.42848572562113374, "(0.3333333333333333, 0.0, 1.0, 0.0, 0.0, -1.0)": 0.4294837689695856, "(0.3333333333333333, 0.0, 1.0, 0.0, 0.3333333333333333, -1.0)": 0.4326366088378353, "(0.3333333333333333, 0.0, 1.0, 0.0, 0.6666666666666666, -1.0)": 0.43905404982998797, "(0.3333333333333333, 0.0, 1.0, 0.0, 1.0, -1.0)": 0.4473582958881299, "(0.3333333333333333, 0.0, 0.0, 1.0, -1.0, -1.0)": 0.4893891167212039, "(0.3333333333333333, 0.0, 0.0, 1.0, -0.6666666666666666, -1.0)": 0.4933116726983116, "(0.3333333333333333, 0.0, 0.0, 1.0, -0.3333333333333333, -1.0)": 0.49546119310458914, "(0.3333333333333333, 0.0, 0.0, 1.0, 0.0, -1.0)": 0.49701227327204467, "(0.3333333333333333, 0.0, 0.0, 1.0, 0.3333333333333333, -1.0)": 0.4984524306550586, "(0.3333333333333333, 0.0, 0.0, 1.0, 0.6666666666666666, -1.0)": 0.49979907359964126, "(0.3333333333333333, 0.0, 0.0, 1.0, 1.0, -1.0)": 0.5008763680268613, "(0.6666666666666666, 1.0, 0.0, 0.0, -1.0, -1.0)": 0.44962340288698377, "(0.6666666666666666, 1.0, 0.0, 0.0, -0.6666666666666666, -1.0)": 0.4896999999796765, "(0.6666666666666666, 1.0, 0.0, 0.0, -0.3333333333333333, -1.0)": 0.4645075091888443, "(0.6666666666666666, 1.0, 0.0, 0.0, 0.0, -1.0)": 0.4658923629992877, "(0.6666666666666666, 1.0, 0.0, 0.0, 0.3333333333333333, -1.0)": 0.45361292395536135, "(0.6666666666666666, 1.0, 0.0, 0.0, 0.6666666666666666, -1.0)": -0.04009999969094932, "(0.6666666666666666, 1.0, 0.0, 0.0, 1.0, -1.0)": 0.46072386097539175, "(0.6666666666666666, 0.0, 1.0, 0.0, -1.0, -1.0)": 0.6611999998726716, "(0.6666666666666666, 0.0, 1.0, 0.0, -0.6666666666666666, -1.0)": 0.4530340165626216, "(0.6666666666666666, 0.0, 1.0, 0.0, -0.3333333333333333, -1.0)": 0.4389775564275582, "(0.6666666666666666, 0.0, 1.0, 0.0, 0.0, -1.0)": 0.42127555540691974, "(0.6666666666666666, 0.0, 1.0, 0.0, 0.3333333333333333, -1.0)": -0.004299999734588, "(0.6666666666666666, 0.0, 1.0, 0.0, 0.6666666666666666, -1.0)": 0.42664169710933286, "(0.6666666666666666, 0.0, 1.0, 0.0, 1.0, -1.0)": 0.44686843780538604, "(0.6666666666666666, 0.0, 0.0, 1.0, -1.0, -1.0)": 0.8718999997797217, "(0.6666666666666666, 0.0, 0.0, 1.0, -0.6666666666666666, -1.0)": 0.51806174155393, "(0.6666666666666666, 0.0, 0.0, 1.0, -0.3333333333333333, -1.0)": 0.5023333199117855, "(0.6666666666666666, 0.0, 0.0, 1.0, 0.0, -1.0)": 0.4926104989302533, "(0.6666666666666666, 0.0, 0.0, 1.0, 0.3333333333333333, -1.0)": 0.4853813110454466, "(0.6666666666666666, 0.0, 0.0, 1.0, 0.6666666666666666, -1.0)": 0.48221119127858536, "(0.6666666666666666, 0.0, 0.0, 1.0, 1.0, -1.0)": 0.4845800367174675, "(1.0, 1.0, 0.0, 0.0, -1.0, -1.0)": 0.1356250001931454, "(1.0, 1.0, 0.0, 0.0, -0.6666666666666666, -1.0)": 0.4554226742895772, "(1.0, 1.0, 0.0, 0.0, -0.3333333333333333, -1.0)": 0.47873055623690863, "(1.0, 1.0, 0.0, 0.0, 0.0, -1.0)": 0.49952804006936136, "(1.0, 1.0, 0.0, 0.0, 0.3333333333333333, -1.0)": 0.7736999998326691, "(1.0, 1.0, 0.0, 0.0, 0.6666666666666666, -1.0)": 0.3733000000902013, "(1.0, 1.0, 0.0, 0.0, 1.0, -1.0)": 0.7811333331665254, "(1.0, 0.0, 1.0, 0.0, -1.0, -1.0)": 0.7332999998344825, "(1.0, 0.0, 1.0, 0.0, -0.6666666666666666, -1.0)": 0.21470000015698168, "(1.0, 0.0, 1.0, 0.0, -0.3333333333333333, -1.0)": 0.4585309838134479, "(1.0, 0.0, 1.0, 0.0, 0.0, -1.0)": 0.4680621954690567, "(1.0, 0.0, 1.0, 0.0, 0.3333333333333333, -1.0)": 0.4813241897725492, "(1.0, 0.0, 1.0, 0.0, 0.6666666666666666, -1.0)": 0.8647499997554793, "(1.0, 0.0, 1.0, 0.0, 1.0, -1.0)": 0.1001000002324425, "(1.0, 0.0, 0.0, 1.0, -1.0, -1.0)": 0.4967484799072974, "(1.0, 0.0, 0.0, 1.0, -0.6666666666666666, -1.0)": 0.4938641029710684, "(1.0, 0.0, 0.0, 1.0, -0.3333333333333333, -1.0)": 0.48494658197393115, "(1.0, 0.0, 0.0, 1.0, 0.0, -1.0)": 0.467712900432092, "(1.0, 0.0, 0.0, 1.0, 0.3333333333333333, -1.0)": 0.4322928988246315, "(1.0, 0.0, 0.0, 1.0, 0.6666666666666666, -1.0)": -0.360299999509515, "(1.0, 0.0, 0.0, 1.0, 1.0, -1.0)": 0.4313419950628803, "(0.3333333333333333, 1.0, 0.0, 0.0, -1.0, 1.0)": -0.8536999992532955, "(0.3333333333333333, 1.0, 0.0, 0.0, -0.6666666666666666, 1.0)": 0.3641500421377297, "(0.3333333333333333, 1.0, 0.0, 0.0, -0.3333333333333333, 1.0)": 0.4300183387736288, "(0.3333333333333333, 1.0, 0.0, 0.0, 0.0, 1.0)": 0.4692645229585468, "(0.3333333333333333, 1.0, 0.0, 0.0, 0.3333333333333333, 1.0)": 0.5536153845771997, "(0.3333333333333333, 1.0, 0.0, 0.0, 0.6666666666666666, 1.0)": 0.505617972419033, "(0.3333333333333333, 1.0, 0.0, 0.0, 1.0, 1.0)": 0.5103469300192695, "(0.3333333333333333, 0.0, 1.0, 0.0, -1.0, 1.0)": -0.8444999992549264, "(0.3333333333333333, 0.0, 1.0, 0.0, -0.6666666666666666, 1.0)": 0.8702999996872494, "(0.3333333333333333, 0.0, 1.0, 0.0, -0.3333333333333333, 1.0)": 0.42581573326613986, "(0.3333333333333333, 0.0, 1.0, 0.0, 0.0, 1.0)": 0.4363245968857731, "(0.3333333333333333, 0.0, 1.0, 0.0, 0.3333333333333333, 1.0)": 0.48059999997539415, "(0.3333333333333333, 0.0, 1.0, 0.0, 0.6666666666666666, 1.0)": 0.26217500011791484, "(0.3333333333333333, 0.0, 1.0, 0.0, 1.0, 1.0)": 0.46072477279276336, "(0.3333333333333333, 0.0, 0.0, 1.0, -1.0, 1.0)": 0.370900000077487, "(0.3333333333333333, 0.0, 0.0, 1.0, -0.6666666666666666, 1.0)": 0.60639999994583, "(0.3333333333333333, 0.0, 0.0, 1.0, -0.3333333333333333, 1.0)": 0.7434999998751984, "(0.3333333333333333, 0.0, 0.0, 1.0, 0.0, 1.0)": 0.5633424810854886, "(0.3333333333333333, 0.0, 0.0, 1.0, 0.3333333333333333, 1.0)": 0.7068666665834245, "(0.3333333333333333, 0.0, 0.0, 1.0, 0.6666666666666666, 1.0)": 0.6160999999823775, "(0.3333333333333333, 0.0, 0.0, 1.0, 1.0, 1.0)": 0.846333333169971, "(0.6666666666666666, 1.0, 0.0, 0.0, -1.0, 1.0)": 0.9971999996812666, "(0.6666666666666666, 1.0, 0.0, 0.0, -0.6666666666666666, 1.0)": 0.5057202820379567, "(0.6666666666666666, 1.0, 0.0, 0.0, -0.3333333333333333, 1.0)": 0.5192018257067803, "(0.6666666666666666, 1.0, 0.0, 0.0, 0.0, 1.0)": 0.7930555553947917, "(0.6666666666666666, 1.0, 0.0, 0.0, 0.3333333333333333, 1.0)": 0.5277000000150789, "(0.6666666666666666, 1.0, 0.0, 0.0, 0.6666666666666666, 1.0)": 0.6744937499226779, "(0.6666666666666666, 1.0, 0.0, 0.0, 1.0, 1.0)": 0.5489953113328694, "(0.6666666666666666, 0.0, 1.0, 0.0, -1.0, 1.0)": 0.4201088127843501, "(0.6666666666666666, 0.0, 1.0, 0.0, -0.6666666666666666, 1.0)": 0.43524372054413457, "(0.6666666666666666, 0.0, 1.0, 0.0, -0.3333333333333333, 1.0)": 0.45246282925256087, "(0.6666666666666666, 0.0, 1.0, 0.0, 0.0, 1.0)": 0.46299315293721827, "(0.6666666666666666, 0.0, 1.0, 0.0, 0.3333333333333333, 1.0)": 0.2638500001325935, "(0.6666666666666666, 0.0, 1.0, 0.0, 0.6666666666666666, 1.0)": 0.48634839982992206, "(0.6666666666666666, 0.0, 1.0, 0.0, 1.0, 1.0)": 0.4988640563868566, "(0.6666666666666666, 0.0, 0.0, 1.0, -1.0, 1.0)": 0.510602736596185, "(0.6666666666666666, 0.0, 0.0, 1.0, -0.6666666666666666, 1.0)": 0.5248776498556721, "(0.6666666666666666, 0.0, 0.0, 1.0, -0.3333333333333333, 1.0)": 0.45860000005347173, "(0.6666666666666666, 0.0, 0.0, 1.0, 0.0, 1.0)": 0.5669072099205346, "(0.6666666666666666, 0.0, 0.0, 1.0, 0.3333333333333333, 1.0)": 0.692199999934989, "(0.6666666666666666, 0.0, 0.0, 1.0, 0.6666666666666666, 1.0)": 0.6435499999756242, "(0.6666666666666666, 0.0, 0.0, 1.0, 1.0, 1.0)": 0.8740999998290797,